,angle_leye_lear,angle_reye_rear,angle_leye_nose,angle_reye_nose,angle_lear_nose,angle_rear_nose,lear,rear,d_leye_lear,d_leye_reye,d_leye_nose,d_reye_rear,d_reye_nose,d_nose_neck,orientation
0,-148.778,1000,-33.4205,-64.2436,7.374039999999999,1000,True,False,2.9363385592279387,0.6342929293948975,1.1246063543580533,-1,0.1079405020291153,18.940899685032985,left
1,-148.779,1000,-33.4216,-64.2407,7.3733,1000,True,False,2.9362718648499384,0.6342785224143866,1.1246394896035485,-1,0.10796778728097328,18.94008406247711,left
2,-146.334,1000,-26.4833,-63.5844,11.3401,1000,True,False,2.5566001539626635,0.5682060474507846,0.9813331171125672,-1,0.10908158758202828,18.99034945986876,left
3,-146.334,1000,-26.4798,-63.5813,11.3442,1000,True,False,2.555339357196604,0.5681445424303792,0.9812394208004981,-1,0.10914046117889117,18.98986776694718,left
4,-146.33,1000,-23.35,-72.0349,10.7114,1000,True,False,2.5608082082526713,0.7747149094800483,1.2418445954302124,-1,0.21494826241573073,18.980969821635465,left
5,-146.379,1000,-23.3676,-72.0064,10.6687,1000,True,False,2.558073138536167,0.7747245757899265,1.2421235086709734,-1,0.2144632704621591,18.97320681865792,left
6,-146.253,1000,-26.5424,-88.9608,11.4088,1000,True,False,2.5520324992730536,0.7666359680346575,0.9752738637161243,-1,0.19145600002005353,18.30714782970533,left
7,-142.24,1000,-33.3403,-88.9223,11.448,1000,True,False,2.8225149970043573,0.7857131379523916,1.1167693908195593,-1,0.19072513806268795,18.316263566241233,left
8,-147.39600000000002,1000,-31.0317,-63.771,14.1046,1000,True,False,3.655867131832698,0.3671275454176243,0.7322991796496983,-1,0.108079399980946,17.755946880312074,left
9,-147.41899999999998,1000,-31.0408,-63.7529,14.0942,1000,True,False,3.656403312950181,0.36591764508259944,0.7313942270326144,-1,0.10841642786047294,17.75017987308794,left
10,-143.92700000000002,1000,-38.4432,-89.3349,14.1858,1000,True,False,4.001918208442751,0.5302428625530169,0.8805404211270409,-1,0.33907283629569585,18.064580736214925,left
11,-143.93200000000002,1000,-38.4471,-89.3298,14.1812,1000,True,False,4.001542915355924,0.530240972828856,0.8806684676405403,-1,0.3387793058003124,18.064637658363704,left
12,-144.10299999999998,1000,-44.8253,-76.2127,15.0379,1000,True,False,4.024369102895248,0.19566360149774137,0.6821912372526582,-1,0.3624360796135951,18.06611673647878,left
13,-144.086,1000,-44.7956,-76.24,15.0544,1000,True,False,4.026038452215635,0.19638375457643548,0.6828034238101233,-1,0.3626842115894485,18.061243277363975,left
14,-144.005,1000,-44.3776,-76.1573,19.6256,1000,True,False,4.009485283422895,0.11433187042947611,0.3942148928326146,-1,0.364960771787,17.675945219385103,left
15,-143.99,1000,-44.3667,-76.1838,19.6448,1000,True,False,4.008861197105216,0.11455727207074183,0.3940324451671886,-1,0.36494163708076827,17.67193152400628,left
16,-146.268,1000,-21.5354,-63.3684,16.1016,1000,True,False,2.5765638415837286,0.28569298459785536,0.6340159362347231,-1,0.4268673065576121,19.15593677389162,left
17,-146.281,1000,-21.545,-63.3656,16.0908,1000,True,False,2.577422423198892,0.2854248062646444,0.6338524152383924,-1,0.42683902734294077,19.15239868664337,left
18,-148.03799999999998,1000,-18.2929,-89.6699,12.309000000000001,1000,True,False,1.9881335781851206,0.8622764222472721,0.867828986959608,-1,0.34285166457677935,19.16934764715905,left
19,-148.03799999999998,1000,-18.2942,-89.7039,12.3096,1000,True,False,1.9869773335368013,0.862535340047819,0.8674051706597588,-1,0.3428345795818717,19.16614979653087,left
20,-143.298,1000,-15.9706,-90.4074,15.0423,1000,True,False,2.228630676314888,1.0861839123460653,1.143869856660396,-1,0.19717991503144006,19.518909945113776,left
21,-143.322,1000,-15.97,-90.3834,15.0241,1000,True,False,2.227404184550733,1.0857547028148977,1.1437114889364544,-1,0.19732246665556147,19.519188912093696,left
22,-141.998,1000,-18.1247,-107.62700000000001,18.5062,1000,True,False,2.824308378785419,1.0908818025480307,0.8835979424454564,-1,0.21487598196841506,17.439811454432608,left
23,-142.005,1000,-15.8574,-90.5478,17.5006,1000,True,False,2.8248192985312337,1.0904857701758839,1.1450314918167062,-1,0.19513085892785542,17.77724995548408,left
24,-143.203,1000,-8.48976,-90.2771,18.4042,1000,True,False,2.2371904371465803,1.088633515338941,1.0886761538481198,-1,0.08865090793556452,18.72458141954129,left
25,-143.17600000000002,1000,-8.475589999999999,-90.2752,18.427,1000,True,False,2.237680154670873,1.0890929306492196,1.0889148490190743,-1,0.08908078965170911,18.736757039113588,left
26,-146.111,1000,-9.817639999999999,-131.47899999999998,18.4247,1000,True,False,2.5884523601499496,1.0604298309218905,0.821695815707673,-1,0.0425009031676222,18.703243627223614,left
27,-146.102,1000,-9.824530000000001,-131.578,18.4285,1000,True,False,2.5873842277193564,1.060293475615208,0.8215366751642844,-1,0.04237292630122581,18.699421836768693,left
28,-146.024,1000,-9.77169,-114.75,18.5053,1000,True,False,2.5892509992313473,1.0784035075582936,0.8207082065078172,-1,0.10555267742762017,18.40885627722266,left
29,-142.114,1000,-18.1844,-114.756,18.4969,1000,True,False,2.859431645349074,1.0583627270118547,0.8829053032632387,-1,0.10556969468700043,18.41363820050835,left
30,-142.053,1000,-18.1506,-114.79799999999999,18.5573,1000,True,False,2.8604060933084194,1.0589677220168274,0.8823483577890802,-1,0.10588682977322317,18.417618862046083,left
31,-142.053,1000,-18.1495,-114.79899999999999,18.5576,1000,True,False,2.860285732586898,1.0590773286872648,0.8824432442127101,-1,0.1058873723721792,18.417185731305803,left
32,-139.012,1000,-15.9094,-90.3525,18.5728,1000,True,False,2.517600012811316,1.0598508762939511,1.1418699395305958,-1,0.08775033309418978,18.711831446653708,left
33,-142.112,1000,-18.256,-90.3454,18.5665,1000,True,False,2.8710335014169264,0.792250283128615,0.8749568824593595,-1,0.08774970149789224,18.709989025883853,left
34,-142.13,1000,-18.3095,-90.5863,18.5305,1000,True,False,2.8693921290792064,0.794160549565433,0.8751246848351996,-1,0.08790804618317563,18.7114470164398,left
35,-139.002,1000,-15.9557,-90.6553,18.55,1000,True,False,2.515104546141691,1.0630617622416236,1.1424137339957543,-1,0.08799700989271864,18.71771764368273,left
36,-138.94299999999998,1000,-15.9499,-90.3455,18.5866,1000,True,False,2.5136658621264116,1.0829415247831684,1.142701976760568,-1,0.19287361799710664,18.72124694518108,left
37,-142.06799999999998,1000,-18.3057,-90.3361,18.5693,1000,True,False,2.8675099734298195,0.8147163113298711,0.8753310486898107,-1,0.1929168278728202,18.72029791409912,left
38,-138.91,1000,-18.146,-107.52600000000001,19.7165,1000,True,False,2.4903014831209216,1.0798607061995922,0.8779023480627854,-1,0.21130788623470467,17.119198150550766,left
39,-138.908,1000,-18.1439,-107.527,19.7184,1000,True,False,2.4904604239860157,1.0799947084428347,0.877926915454655,-1,0.21132776363021064,17.120469574818298,left
40,-141.957,1000,-18.1047,-115.098,18.5838,1000,True,False,2.8285713584342154,1.0619982472965392,0.8795750698919121,-1,0.10760089237790404,17.102613720946188,left
41,-141.954,1000,-18.1014,-115.098,18.5857,1000,True,False,2.8292250393656686,1.0622018956574353,0.8796017236949621,-1,0.10761437921797759,17.10282571500524,left
42,-138.893,1000,-15.8126,-90.6391,18.5838,1000,True,False,2.482386150300417,1.0888795515713388,1.141425328028581,-1,0.1934980641353733,17.09456704552972,left
43,-138.89700000000002,1000,-15.8142,-90.6455,18.5826,1000,True,False,2.4827554197129507,1.0890240599131935,1.1415700072754724,-1,0.19332308917278643,17.094667099124397,left
44,-138.863,1000,-15.823,-90.74600000000001,18.6038,1000,True,False,2.520097452728931,1.105706263933619,1.1577970852943622,-1,0.1953806714969872,18.528476204483542,left
45,-138.849,1000,-15.8228,-90.7593,18.6132,1000,True,False,2.5033045499272153,1.0982476630245386,1.1497985281154544,-1,0.19394289272462692,18.400788260285758,left
46,-142.941,1000,-8.45166,-91.2311,18.5492,1000,True,False,2.226705375699285,1.099495116844657,1.0887357740140817,-1,0.08912608560833667,18.42175805124813,left
47,-142.939,1000,-8.4486,-91.2184,18.5511,1000,True,False,2.226790712931168,1.0994165598892962,1.088717461944547,-1,0.089155435395416,18.420973548254867,left
48,-143.064,1000,-8.50527,-91.3876,18.4439,1000,True,False,2.2400835816194284,1.1096584573042596,1.097403455006427,-1,0.09026177185907167,20.07453501221209,left
49,-143.07,1000,-8.49902,-91.3643,18.4436,1000,True,False,2.2401903158764482,1.1093179521602718,1.0972298656201882,-1,0.09022675719983901,20.07058896820585,left
50,-143.207,1000,-8.576939999999999,-92.8973,18.3329,1000,True,False,2.223933721383234,1.0809311788105331,1.0884661648161438,-1,0.02535181312090478,18.68485206942866,left
51,-143.205,1000,-8.579989999999999,-91.4796,18.3325,1000,True,False,2.2239659434312955,1.1009663637878173,1.0887057811839083,-1,0.08943374642760946,18.69006779530688,left
52,-143.244,1000,-8.58645,-92.8678,18.3134,1000,True,False,2.2251848576884155,1.0803738854074625,1.0882794561275357,-1,0.025059820845027,18.68726628990299,left
53,-143.263,1000,-8.58758,-92.6375,18.3049,1000,True,False,2.2440794937061823,1.0872324041469967,1.0964643410332444,-1,0.025247859894053436,20.047151728090387,left
54,-146.161,1000,-8.56836,-92.542,17.3109,1000,True,False,2.5661942915423896,1.0807414562768494,1.0901302674333966,-1,0.02570491353772743,18.672931773219734,left
55,-146.143,1000,-8.570160000000001,-91.3176,17.3196,1000,True,False,2.566626331354889,1.1014799745773995,1.0905266988549487,-1,0.09016667179219101,18.67906953542247,left
56,-146.072,1000,-9.833739999999999,-115.42299999999999,18.3697,1000,True,False,2.5885784291955503,1.109529917994689,0.8338840203257478,-1,0.11161907036551166,19.77119368848312,left
57,-146.086,1000,-9.827760000000001,-115.399,18.3638,1000,True,False,2.5884466572165596,1.1084556838808446,0.8333686034232017,-1,0.1114528359372796,19.77212745773915,left
58,-146.18200000000002,1000,-8.5879,-90.82700000000001,17.3113,1000,True,False,2.600383307553457,1.10548853591837,1.1001231881999614,-1,0.09076342597733252,20.467151536592365,left
59,-146.194,1000,-8.6,-90.86200000000001,17.2996,1000,True,False,2.598891758247437,1.1054992666652879,1.0999221348302926,-1,0.0905771783139507,20.46062840845709,left
60,-142.063,1000,-9.75253,-90.3554,21.6521,1000,True,False,2.8981516601239856,0.8402735386928527,0.8391779505149508,-1,0.09160722322378473,21.93693128754236,left
61,-142.07,1000,-9.76015,-90.3561,21.644000000000002,1000,True,False,2.897954515302459,0.8402406695888687,0.8392826216458775,-1,0.09151081513468468,21.93217576057126,left
62,-146.171,1000,-9.780619999999999,-90.0359,18.3559,1000,True,False,2.597278136289575,0.8291052449457558,0.8311776247324028,-1,0.09102150037830993,20.922880340556098,left
63,-146.14700000000002,1000,-9.77709,-90.0165,18.3742,1000,True,False,2.597415911972582,0.828980221721247,0.8311747636496929,-1,0.0910842158541284,20.929903210645485,left
64,-143.364,1000,-8.50185,-64.937,18.3542,1000,True,False,2.2609892671062863,0.8158370985815033,1.0903154030063418,-1,0.11204028256143624,21.854015666874922,left
65,-143.319,1000,-8.49501,-64.9837,18.387999999999998,1000,True,False,2.2618949866125493,0.8162379119190976,1.0901943801106717,-1,0.11210914968383986,21.8585647929399,left
66,-150.80200000000002,1000,-9.834439999999999,-71.6724,14.957,1000,True,False,2.3575782486367864,0.6325488832971239,0.8113689731868333,-1,0.21909703630437438,20.46387866682383,left
67,-150.796,1000,-9.820039999999999,-71.6795,14.97,1000,True,False,2.3550482420068626,0.6318680537940982,0.8101001785791925,-1,0.21925061554740866,20.450598732266965,left
68,-149.023,1000,-21.581999999999997,-71.3911,14.9864,1000,True,False,2.9712347854176016,0.37310220546903944,0.6352732227928243,-1,0.21661857162115064,18.658067031404617,left
69,-149.009,1000,-21.58,-71.3997,14.999,1000,True,False,2.9706235804306336,0.3730516322663465,0.634980148283789,-1,0.2167337809825396,18.655139997202177,left
70,-151.27100000000002,1000,-26.2156,-71.6082,15.0267,1000,True,False,3.421389927204829,0.2239121421922012,0.44181387635505054,-1,0.2161275873821709,18.635838337258807,left
71,-151.263,1000,-26.2193,-71.6285,15.0337,1000,True,False,3.4225129360117386,0.22398204575167088,0.4416846014151786,-1,0.21631614381711475,18.631327719080502,left
72,-151.21200000000002,1000,-32.9504,-71.8138,16.0824,1000,True,False,3.400571702754181,0.11547583728553573,0.28855729805900293,-1,0.21304696930668504,16.948717014914823,left
73,-151.27100000000002,1000,-32.9722,-71.7135,16.0281,1000,True,False,3.399595500623783,0.1148062030578411,0.2884465130844615,-1,0.21319978230454137,16.94887688336877,left
74,-153.408,1000,-33.0904,-63.7146,14.9334,1000,True,False,3.8873363189632433,0.09197776055029094,0.28726547190965934,-1,0.10841050180804526,16.899258704369608,left
75,-153.333,1000,-33.0442,-63.8025,15.0069,1000,True,False,3.8891304795765698,0.09234488758030057,0.2871599783847101,-1,0.10833600915114482,16.90159760464222,left
76,-151.595,1000,-18.8005,-45.7072,20.4494,1000,True,False,4.7420409045729475,0.09057165227426794,0.2269085843423251,-1,0.04613115087485695,16.967427384278242,left
77,-151.619,1000,-18.8321,-45.8034,20.4258,1000,True,False,4.7108882767605715,0.0901677918943177,0.22537004756758988,-1,0.04571375874849936,16.849300084833917,left
78,-149.73,1000,-32.678000000000004,-43.5386,18.5463,1000,True,False,4.140400325814551,0.10768701002505852,0.2813261253132843,-1,0.04339911027569152,14.662615150375968,left
79,-147.42700000000002,1000,-19.0722,-28.0367,23.0414,1000,True,False,3.6528496375268733,0.025301646785338517,0.22279520894183938,-1,0.10575383139362701,14.55625517407226,left
80,-147.425,1000,-19.0729,-28.0257,23.043000000000003,1000,True,False,3.65323517535073,0.02528585420841717,0.22273623496993664,-1,0.10573906312624959,14.557385443386774,left
81,-149.69299999999998,1000,-18.6987,-47.0522,21.6409,1000,True,False,4.116407378473526,0.09166439062742425,0.22303237784755586,-1,0.045037323037324245,14.469135670968333,left
82,-149.688,1000,-18.698,-47.0835,21.6469,1000,True,False,4.116085206857626,0.0916350302092447,0.22298593573554884,-1,0.045099201013569123,14.46753433187859,left
83,-153.114,1000,-18.8676,-63.847,17.1206,1000,True,False,2.6661164856860986,0.11104480543861531,0.22209111524985656,-1,0.10557757962606923,13.050213424474268,left
84,-150.786,1000,-14.6972,-47.0834,17.1389,1000,True,False,2.2921409555354946,0.19156565731920092,0.3601716736169693,-1,0.04398680064952366,13.054480445913267,left
85,-148.879,1000,-18.7643,-46.1503,20.9392,1000,True,False,2.9224554322747482,0.09136162473477116,0.2238348735780158,-1,0.04422783012132113,14.547295990019503,left
86,-148.862,1000,-18.7404,-46.0921,20.9571,1000,True,False,2.9234720490203694,0.09120976449279876,0.22381769172381025,-1,0.04431520788815268,14.54993057535304,left
87,-144.935,1000,-18.6387,-46.2198,24.6062,1000,True,False,3.192884284436757,0.09178038491694347,0.2241762336455365,-1,0.04433155562458335,14.157903106940562,left
88,-144.911,1000,-18.6221,-46.2728,24.6272,1000,True,False,3.192694094158807,0.09199417081247735,0.22429865129584733,-1,0.044304255031339064,14.158562199710433,left
89,-142.168,1000,-14.5219,-45.9521,24.717,1000,True,False,2.8198942965208005,0.1907686746987941,0.3629505122360552,-1,0.044365656388548266,14.146092710968617,left
90,-142.085,1000,-14.3277,-62.9225,24.8102,1000,True,False,2.8216851205699,0.21094467836755063,0.3639597749662456,-1,0.10250798413942838,13.21263421745415,left
91,-138.6,1000,-14.4474,-46.4413,28.0436,1000,True,False,3.1215287592440433,0.19382542287111665,0.36489697025873374,-1,0.044104760807262375,14.150997326993616,left
92,-138.607,1000,-14.4518,-46.4411,28.0399,1000,True,False,3.1212561215133574,0.19383027863094765,0.36496467133974275,-1,0.04412035343691505,14.150426371484555,left
93,-138.548,1000,-14.4212,-46.4929,28.0766,1000,True,False,3.119586787087729,0.19511455199107816,0.36557398003281694,-1,0.043648720421891385,14.165323551001508,left
94,-138.556,1000,-14.4301,-46.4834,28.0694,1000,True,False,3.119329475902128,0.19538543830156185,0.36579101975983574,-1,0.04356137274109754,14.166851541928587,left
95,-138.529,1000,-18.5761,-88.541,29.8979,1000,True,False,3.11738995357367,0.197881047887016,0.2240375043532479,-1,0.023184625445032827,13.818450460630325,left
96,-138.536,1000,-18.5958,-88.6096,29.8881,1000,True,False,3.1163912059829357,0.19769870595162206,0.22376400215465933,-1,0.023198266250766857,13.814050368922771,left
97,-141.34,1000,-18.5331,-89.0612,28.0775,1000,True,False,3.508420496054099,0.1993870224226503,0.2242637529750769,-1,0.023144233997243104,13.800115350119015,left
98,-141.349,1000,-18.5604,-89.1455,28.0623,1000,True,False,3.5098848578228554,0.19956586245772576,0.22435421520731996,-1,0.023234726293372806,13.802112601778818,left
99,-138.455,1000,-14.3379,-90.2948,28.1266,1000,True,False,3.1186390592432316,0.34641800194404443,0.3681145407447438,-1,0.02365809383517685,13.788013167388156,left
100,-138.461,1000,-14.3459,-90.2786,28.1224,1000,True,False,3.1203220732174852,0.34635639970238247,0.3681305117908063,-1,0.023504360330388725,13.792857017238417,left
101,-138.428,1000,-14.2941,-90.4917,28.1471,1000,True,False,3.1169706872623406,0.3481225743903728,0.3690011398423805,-1,0.02365876375952549,13.782136032045885,left
102,-138.454,1000,-14.2985,-90.3162,28.1381,1000,True,False,3.1199601281630605,0.34717814564393035,0.36864674995428054,-1,0.02368840545219132,13.78021203770738,left
103,-138.738,1000,-14.0346,-115.492,26.5809,1000,True,False,2.463236738917471,0.5519046725412682,0.3733086222404843,-1,0.10132007997614727,12.567065561900066,left
104,-138.76,1000,-14.04,-115.54799999999999,26.5582,1000,True,False,2.461525292462504,0.552451809145829,0.3730342937177873,-1,0.10170355615355163,12.562387330842792,left
105,-135.119,1000,-14.1383,-90.3092,30.0195,1000,True,False,2.7632368768558173,0.35324397058271073,0.37455913401906815,-1,0.023540133054361825,13.516926569527792,left
106,-135.006,1000,-11.4503,-90.6318,28.2272,1000,True,False,2.7599173237915546,0.5439883458995101,0.5636678944691204,-1,0.02355755010812139,13.522706637901011,left
107,-131.263,1000,-9.68362,-91.0603,28.2567,1000,True,False,2.4636705593860477,0.7798847194996628,0.7974087784227785,-1,0.023646365491787464,14.598072647276215,left
108,-134.935,1000,-11.4897,-90.9816,28.2291,1000,True,False,2.7562684631863763,0.5471368637325965,0.5656662081407094,-1,0.023575996291702796,14.492094752007633,left
109,-135.05200000000002,1000,-9.73172,-91.7588,26.4641,1000,True,False,2.7721128022321877,0.7843187237628112,0.7987948756761135,-1,0.02381497991846328,14.58312364777588,left
110,-135.069,1000,-9.738610000000001,-91.7126,26.4556,1000,True,False,2.7540162877060412,0.7784117081042613,0.7929861880252792,-1,0.023576629898213956,14.488859672642187,left
111,-131.379,1000,-8.37411,-92.0443,26.5267,1000,True,False,2.44748373895108,1.04644431245473,1.0577180298781312,-1,0.023511549517443574,14.513842213818325,left
112,-131.374,1000,-8.361139999999999,-91.8496,26.5453,1000,True,False,2.450469003506006,1.0445809627871714,1.056822080600659,-1,0.023459861313338038,14.51367907846295,left
113,-131.377,1000,-8.36632,-91.3296,26.5776,1000,True,False,2.4596856109681333,1.040952895272985,1.056061739594579,-1,0.023324422937649133,14.531844780188775,left
114,-131.366,1000,-8.3579,-91.4766,26.5746,1000,True,False,2.4561171653385374,1.0426610860522252,1.05701554904025,-1,0.023510068661354352,14.519395892848175,left
115,-134.961,1000,-9.54376,-131.775,26.5022,1000,True,False,2.776477161714838,1.0527847822137921,0.8108294697642476,-1,0.04292467301792446,14.343163200892128,left
116,-134.92700000000002,1000,-9.5255,-131.769,26.5303,1000,True,False,2.777217920351184,1.0533720434448037,0.8111890429276016,-1,0.04296818588926866,14.340607520845696,left
117,-134.843,1000,-9.49935,-131.866,26.5809,1000,True,False,2.7778260494384517,1.0571898791666499,0.8123443611526731,-1,0.04352582311249877,14.35131128778723,left
118,-134.83700000000002,1000,-9.50512,-131.961,26.5831,1000,True,False,2.778272885311648,1.0580024600401152,0.8124553723491574,-1,0.04357662331108581,14.35390705589967,left
119,-131.213,1000,-8.166789999999999,-91.0425,26.6826,1000,True,False,2.471310896465397,1.0828489700034227,1.0714053397323244,-1,0.0873582884192247,14.367063914289751,left
120,-131.329,1000,-8.24564,-91.2233,26.5744,1000,True,False,2.4684272699980148,1.083409221523962,1.0710129649298599,-1,0.0871468349576297,14.594981487321423,left
121,-131.398,1000,-8.2696,-91.0845,26.5151,1000,True,False,2.4645160863082918,1.08104522531932,1.0702662710996445,-1,0.08728328199539262,14.579072619849503,left
122,-131.387,1000,-8.27098,-91.0522,26.5292,1000,True,False,2.4676207323687884,1.080564809465548,1.070082192817598,-1,0.08731306179598129,14.587950628807853,left
123,-131.321,1000,-8.192960000000001,-90.9014,26.6051,1000,True,False,2.455285460850745,1.0745968508198747,1.065005224411665,-1,0.08680213135950106,14.49973527643027,left
124,-131.321,1000,-8.193710000000001,-90.9124,26.6042,1000,True,False,2.4542805982715437,1.074713042149118,1.0649310268791174,-1,0.08683364613376232,14.49944760864282,left
125,-131.349,1000,-8.20315,-90.9414,26.5754,1000,True,False,2.469838090384828,1.082121235437478,1.0721115354924642,-1,0.08736475577329675,14.578932438432458,left
126,-131.358,1000,-8.20899,-90.9899,26.5687,1000,True,False,2.4695697789999533,1.0830757883848827,1.0726939224985992,-1,0.08739953075331733,14.581890978354119,left
127,-131.36,1000,-8.22909,-90.9565,26.5529,1000,True,False,2.4671676085475807,1.082719491888891,1.0725012891994925,-1,0.08784671140601051,14.590495408330609,left
128,-131.395,1000,-8.24893,-90.9316,26.5252,1000,True,False,2.4696676506281072,1.08222190853195,1.0726557118961004,-1,0.08763984236433399,14.595619333075998,left
129,-131.358,1000,-8.24213,-91.0826,26.5552,1000,True,False,2.4707939799398675,1.0836649512623338,1.0728997295715486,-1,0.0870125829952965,14.584783730399007,left
130,-131.355,1000,-8.222489999999999,-91.1552,26.5578,1000,True,False,2.467897261760007,1.084908452871703,1.0731788433496652,-1,0.08693315354225514,14.58355928312301,left
131,-131.33700000000002,1000,-8.236139999999999,-90.9105,26.5894,1000,True,False,2.475526457722639,1.0807447364570726,1.0718309233462635,-1,0.08664916524976961,14.584487712093148,left
132,-131.30100000000002,1000,-8.232439999999999,-90.9236,26.6144,1000,True,False,2.459057997559532,1.0731188089290242,1.064149397523955,-1,0.08597601371074713,14.484216555625986,left
133,-131.313,1000,-8.215869999999999,-90.9497,26.6129,1000,True,False,2.458617141654433,1.0743636901212235,1.0647896857413486,-1,0.08621349643445997,14.499800582814254,left
134,-131.351,1000,-8.240039999999999,-90.9545,26.576,1000,True,False,2.457111087447295,1.0740555311957436,1.0645866567779705,-1,0.08632921081709595,14.488078003753351,left
135,-131.30100000000002,1000,-8.2272,-91.0254,26.6,1000,True,False,2.4525417773212497,1.0753224056721902,1.0646344766247362,-1,0.08703330660921067,14.483448677155856,left
136,-131.279,1000,-8.21125,-90.9761,26.6232,1000,True,False,2.4709301989414767,1.0814606657954795,1.0709834509760428,-1,0.08754408700346743,14.334583448957844,left
137,-128.21200000000002,1000,-8.21862,-90.9487,29.5642,1000,True,False,2.8136741087758916,1.082036012240368,1.071982635919396,-1,0.08775134273309543,14.332826462626727,left
138,-128.205,1000,-8.21303,-90.9791,29.5644,1000,True,False,2.7927531967034485,1.0753154907625635,1.0648444684439093,-1,0.08725052432701895,14.23505440722858,left
139,-131.24200000000002,1000,-8.27518,-91.3318,26.6292,1000,True,False,2.4739187469407837,1.0858431480892754,1.0724339787355295,-1,0.08745922713212402,14.341029161683608,left
140,-131.243,1000,-8.26835,-91.3224,26.6327,1000,True,False,2.4755359825404724,1.086175337143136,1.0728957700992747,-1,0.08742749372390189,14.344175667663281,left
141,-134.766,1000,-9.5448,-115.396,26.6138,1000,True,False,2.7794367591625266,1.0809550337839586,0.8145274661781943,-1,0.10589022864092205,14.365214347709806,left
142,-134.748,1000,-9.53538,-115.368,26.6297,1000,True,False,2.759473862129962,1.0718405891890241,0.8079644988059429,-1,0.10496904702837012,14.259887945832325,left
143,-131.656,1000,-9.52777,-115.315,29.56,1000,True,False,3.1193109981807097,1.0776450313011876,0.8131603715263985,-1,0.10530680198127562,14.36373521047862,left
144,-131.656,1000,-9.5363,-115.29299999999999,29.5618,1000,True,False,3.1222932165197577,1.07821971935473,0.8141196237203492,-1,0.10519480899619181,14.370173067945812,left
145,-128.114,1000,-9.57392,-115.175,31.3153,1000,True,False,2.7993582536949386,1.0667349614402235,0.8063696298914017,-1,0.10433555142847681,14.284505898629284,left
146,-128.10399999999998,1000,-9.56674,-115.149,31.3256,1000,True,False,2.798946909264061,1.0664802977331629,0.8064535969825664,-1,0.10421575629988795,14.280880821522993,left
147,-128.089,1000,-8.29786,-90.6623,29.6705,1000,True,False,2.8168447549306554,1.0720546863960245,1.0664624548317487,-1,0.08619018360013707,14.369374654298806,left
148,-128.065,1000,-8.28905,-90.6567,29.6913,1000,True,False,2.8185538874184037,1.0719675663673263,1.0662733619804325,-1,0.08627411390376669,14.365645127511582,left
149,-128.059,1000,-8.288030000000001,-90.93299999999999,29.6605,1000,True,False,2.7870667944621945,1.0683470650880194,1.0598220810624677,-1,0.08568924137066906,14.233050521831757,left
150,-127.105,1000,-8.33741,-92.0997,28.2889,1000,True,False,2.1699604340701386,1.047066425962026,1.057603914749474,-1,0.024126916157612206,14.467275974302586,left
151,-124.01799999999999,1000,-8.275830000000001,-91.9023,31.4554,1000,True,False,2.507612657441304,1.0460334388161885,1.057364356817671,-1,0.024244745275195607,14.209739705399674,left
152,-124.009,1000,-8.277610000000001,-91.9383,31.4543,1000,True,False,2.5061878512423617,1.0466464713531656,1.0577813960247533,-1,0.024339232158829088,14.20657436253349,left
153,-119.47,1000,-8.225769999999999,-90.9375,33.537,1000,True,False,2.2743165126236833,1.0662049327163226,1.0565373774524995,-1,0.08626467250100905,13.982601301327128,left
154,-119.465,1000,-8.22614,-90.944,33.5414,1000,True,False,2.2745737149614835,1.066114621228051,1.0563163389555226,-1,0.08626493991962447,13.982419821011595,left
155,-122.10799999999999,1000,-0.727466,-90.8298,35.7961,1000,True,False,1.9289973593688592,0.8575000187900782,0.770106477062341,-1,0.08649156826933437,13.781256193833357,left
156,-122.089,1000,-0.722779,-91.70299999999999,35.8091,1000,True,False,1.9290975186899961,0.7997642479906998,0.7707261740123874,-1,0.024425032068626555,13.783752450243526,left
157,-122.039,1000,-0.693803,-91.5907,35.8437,1000,True,False,1.9237853207423317,0.7981036577879982,0.7696187221419049,-1,0.024252033844372394,13.782909796778432,left
158,-122.053,1000,-0.716187,-91.6837,35.817,1000,True,False,1.9223711929681289,0.7986522424372987,0.7697593241743295,-1,0.024318090589505386,13.780860793240745,left
159,-121.90799999999999,1000,-0.705567,-91.0748,35.8857,1000,True,False,1.9220012727427678,0.8626970721905618,0.7727537267812165,-1,0.08653572699166626,13.629305846599417,left
160,-121.915,1000,-0.70902,-92.1986,35.8801,1000,True,False,1.9213307366965235,0.8040395809634492,0.7722019714060903,-1,0.024615177421537206,13.633690200097199,left
161,-122.22,1000,-0.858398,-90.9006,38.265,1000,True,False,1.9295565957851917,0.6281124550310158,0.5403734429958574,-1,0.0874063918589855,13.628812683508528,left
162,-119.426,1000,-11.2314,-90.9619,38.2995,1000,True,False,2.265430384250173,0.5709829984892537,0.5627348756454518,-1,0.08726640961464607,13.537241225531847,left
163,-124.01899999999999,1000,-13.8506,-115.435,38.2375,1000,True,False,2.5003203580662596,0.5612667633736165,0.37325948780389984,-1,0.10752423185616994,13.540152769426577,left
164,-123.98299999999999,1000,-13.8188,-115.39399999999999,38.2641,1000,True,False,2.500497629916166,0.5613614227517932,0.37329237464361353,-1,0.10763077300809776,13.543345187928129,left
165,-124.025,1000,-13.8152,-115.419,38.2555,1000,True,False,2.5084313229284345,0.5613221141197726,0.37313233042768146,-1,0.107609062231431,13.544033878132927,left
166,-124.029,1000,-13.8147,-115.427,38.2491,1000,True,False,2.506474265240152,0.5618323670166092,0.37348590864674486,-1,0.10762235223371741,13.539405780361323,left
167,-128.10399999999998,1000,-14.0051,-91.1563,35.8304,1000,True,False,2.786125273695646,0.37359833252330893,0.3651510399182256,-1,0.08831036711543674,13.534606627317952,left
168,-128.11700000000002,1000,-14.0128,-91.1872,35.8168,1000,True,False,2.7842292559134507,0.37369667613621826,0.36492363981622267,-1,0.0885491339616312,13.532867223316154,left
169,-131.672,1000,-18.1536,-115.899,35.8257,1000,True,False,3.0937014069828064,0.3736882641199387,0.2218008227442189,-1,0.10976715637150691,13.542558406321406,left
170,-131.65200000000002,1000,-18.1322,-115.902,35.8392,1000,True,False,3.0932354301433596,0.3739159430383862,0.2220885214933871,-1,0.10963587759867228,13.550515134812848,left
171,-131.756,1000,-14.1888,-116.56700000000001,33.5572,1000,True,False,3.1079341371099227,0.5596789196641098,0.36485209926055945,-1,0.10921549066298854,13.725786492041614,left
172,-131.784,1000,-14.2045,-116.617,33.535,1000,True,False,3.1076617345532074,0.559678528637672,0.36460344654718685,-1,0.109245188620127,13.724714465471855,left
173,-131.791,1000,-14.3498,-160.447,33.4685,1000,True,False,3.1376267179658024,1.0521859720076423,0.3702016217799169,-1,0.21434948296929596,14.880423109354027,left
174,-134.903,1000,-18.3398,-160.42700000000002,33.4585,1000,True,False,3.4767608090264317,0.793051547537,0.22909398077666096,-1,0.2143075709261509,14.882549362377889,left
175,-138.123,1000,-14.3153,-152.286,28.2865,1000,True,False,3.162545081539787,0.8016317240747819,0.3810945637602682,-1,0.11267444120258252,16.32419733618911,left
176,-135.015,1000,-14.300999999999998,-152.241,30.0934,1000,True,False,2.820117956935919,0.8005231892352507,0.38052156383939234,-1,0.11261359329492497,16.31955118979485,left
177,-138.892,1000,-9.88035,-116.40799999999999,23.1093,1000,True,False,2.5217614578501446,1.0943448157440707,0.8120978828317349,-1,0.11124475192918297,18.10634450563953,left
178,-135.262,1000,-15.9361,-90.8197,21.8215,1000,True,False,2.832808767002523,1.0940989580664056,1.1454784412509398,-1,0.1952948113449316,18.716917829211024,left
179,-135.25799999999998,1000,-15.9313,-90.7988,21.8267,1000,True,False,2.83340849383449,1.093919282177973,1.1456273460162798,-1,0.19529228979386756,18.719685323752824,left
180,-141.94899999999998,1000,-18.2144,-107.846,18.53,1000,True,False,2.8517149744593517,1.1002798661741295,0.8897648671219742,-1,0.21612026396282444,17.569012014612227,left
181,-141.94799999999998,1000,-18.2153,-107.852,18.5306,1000,True,False,2.8518203641747824,1.100163471342002,0.8895743591845553,-1,0.21613247447241468,17.568711864884378,left
182,-146.08,1000,-18.2085,-107.815,15.0999,1000,True,False,2.5704602460737833,1.0964748394168835,0.8871980576357604,-1,0.2152978240603226,17.520625347033672,left
183,-146.08,1000,-18.2133,-107.834,15.0973,1000,True,False,2.570939643139765,1.0971837930036652,0.8872371991056777,-1,0.21578176821756895,17.52031183652143,left
184,-146.209,1000,-18.1754,-90.1713,15.0368,1000,True,False,2.5517827549557066,0.8821097552913416,0.879287804741612,-1,0.3417936961585009,16.635522040052454,left
185,-146.192,1000,-18.1854,-90.1642,15.0449,1000,True,False,2.551429362486506,0.881273496472382,0.8788060204665379,-1,0.34128660013983425,16.6292993732918,left
186,-150.78,1000,-18.2205,-90.1756,11.4888,1000,True,False,2.3219762789586356,0.8153874623162851,0.8767688596513378,-1,0.19430506397970523,17.001632829697577,left
187,-150.778,1000,-18.2229,-90.1724,11.4903,1000,True,False,2.3227672857974366,0.815413082325676,0.8769287444617531,-1,0.1941742115551312,17.003368603536842,left
188,-150.775,1000,-18.1584,-76.4788,11.5343,1000,True,False,2.2926694516931887,0.6366688375334433,0.8625706897891633,-1,0.3568827280726156,15.751079953574536,left
189,-150.743,1000,-18.1608,-76.5331,11.5527,1000,True,False,2.2930252535001094,0.6378922226539511,0.8629908351403166,-1,0.3572121404309173,15.753391800258182,left
190,-150.805,1000,-21.2484,-89.7482,12.2727,1000,True,False,2.293470925029526,0.6341250936911692,0.6371630314075293,-1,0.3362737737424072,15.76054224813684,left
191,-148.151,1000,-18.2665,-89.6948,12.2801,1000,True,False,1.9602532111379611,0.8465287824247214,0.8513204921238132,-1,0.3358066198072823,15.761003950627176,left
192,-150.855,1000,-21.2814,-89.62200000000001,12.2328,1000,True,False,2.29449830420953,0.6309040180082158,0.6367509657106893,-1,0.3351692782424936,16.193278816531294,left
193,-150.864,1000,-21.2913,-89.6062,12.2215,1000,True,False,2.293196069485887,0.6304070513623968,0.6369108565412447,-1,0.3346480761035755,16.193516266011606,left
194,-143.585,1000,-26.1305,-89.4981,12.2434,1000,True,False,2.190527836891436,0.7810877405382564,0.9528199970422196,-1,0.33412096784300843,16.199374321028504,left
195,-143.579,1000,-26.1435,-89.4928,12.2431,1000,True,False,2.1916098493298657,0.7811398517612513,0.953336870944057,-1,0.334004058142479,16.20352242004657,left
196,-150.85299999999998,1000,-18.285999999999998,-75.9182,11.5451,1000,True,False,2.2992854174447257,0.6168654862731647,0.8496879485065001,-1,0.3563363670315284,16.18811313329808,left
197,-150.859,1000,-18.2874,-75.9327,11.5389,1000,True,False,2.298500649178121,0.6171103602813363,0.8497981607455332,-1,0.3561016552788957,16.186930064215986,left
198,-150.903,1000,-21.5217,-75.9943,12.2739,1000,True,False,2.2987738572935936,0.43184447112311924,0.622488657525187,-1,0.3578675495692847,16.171014419016178,left
199,-150.892,1000,-21.5308,-75.9623,12.2771,1000,True,False,2.2979411564190992,0.43106837806067283,0.6223770029550881,-1,0.35735719459712434,16.166487075566515,left
200,-155.743,1000,-18.4088,-71.4784,7.94037,1000,True,False,2.1221316334944795,0.5523620040152576,0.850348978267045,-1,0.21109388965334117,16.652454991365474,left
201,-155.761,1000,-18.4138,-71.4894,7.925610000000001,1000,True,False,2.1230983205134795,0.5526374078613403,0.8507905215907219,-1,0.21126206104899384,16.653311290229627,left
202,-153.37,1000,-21.69,-56.5678,11.4348,1000,True,False,2.6966539179782605,0.21813164537290156,0.6204338890518204,-1,0.2731830060936005,16.167914426371677,left
203,-153.314,1000,-26.1833,-71.4537,12.2555,1000,True,False,2.6966965810787697,0.21865322728218434,0.43327326804151606,-1,0.21231656167669705,15.733590255861326,left
204,-149.211,1000,-36.2042,-71.1323,12.1797,1000,True,False,2.9541819354219943,0.195943551032977,0.5383469212636962,-1,0.21347709939076437,15.84623627957215,left
205,-153.388,1000,-26.3256,-71.0982,12.1976,1000,True,False,2.7096860706756347,0.2147994866151484,0.43294392874780463,-1,0.21212873977554617,15.741788857944295,left
206,-153.209,1000,-33.5156,-71.5283,14.9779,1000,True,False,3.8838574976589832,0.11199044919573108,0.2902138103014432,-1,0.21939783743945315,16.87771465457843,left
207,-153.216,1000,-33.5217,-71.5473,14.9736,1000,True,False,3.8828617903825413,0.11201430529230476,0.29003391828215447,-1,0.21938669214092116,16.874650325452976,left
208,-153.376,1000,-44.2125,-76.0118,11.5441,1000,True,False,3.906673743936126,0.1121406897561349,0.38704659034118905,-1,0.3560549674657587,15.450892760690348,left
209,-153.36,1000,-44.1982,-89.2201,11.56,1000,True,False,3.9096068758550113,0.21291279612719283,0.3869121802734937,-1,0.33525386801548707,15.453093251354126,left
210,-151.554,1000,-33.7047,-72.185,17.3221,1000,True,False,4.701967950869937,0.11403110509802503,0.2895835152824671,-1,0.21584928049109836,16.482105246950216,left
211,-151.554,1000,-33.7079,-72.1862,17.3215,1000,True,False,4.700052373584258,0.11403110509802503,0.2896135198511793,-1,0.21589372824498507,16.481719715881702,left
212,-147.513,1000,-26.7437,-89.2168,18.3519,1000,True,False,3.707886402471504,0.3465165511096744,0.44058792217003856,-1,0.09009466755174798,16.10226020893647,left
213,-147.502,1000,-26.7403,-89.3028,18.3567,1000,True,False,3.706470825498199,0.3472952181430404,0.4409291442129318,-1,0.08979296288350305,16.100225849035144,left
214,-144.852,1000,-18.7515,-89.7218,17.4053,1000,True,False,3.2272486535462077,0.788724985235703,0.860817091760768,-1,0.19535985271032197,16.074422496252144,left
215,-144.809,1000,-18.7252,-89.7872,17.4335,1000,True,False,3.2245513858532417,0.7909992806990158,0.8618326905895307,-1,0.1958506933051993,16.07693824359321,left
216,-138.352,1000,-26.33,-90.22,18.4876,1000,True,False,3.1433663346593463,0.7890122798957995,0.9785147813093227,-1,0.19578269506481788,15.815441712774147,left
217,-138.376,1000,-26.3372,-90.2544,18.4663,1000,True,False,3.1432068152560744,0.7897391751015967,0.9788850670166742,-1,0.19596446474998266,15.807896413155948,left
218,-142.01,1000,-18.4975,-90.4058,18.4399,1000,True,False,2.8217857746880486,0.8139188974966813,0.8748934729763589,-1,0.1965577567253087,15.790713499582205,left
219,-142.013,1000,-18.4929,-90.4008,18.4389,1000,True,False,2.8215993537801194,0.8138208885523145,0.8748702789347549,-1,0.19646984223147806,15.789405593840712,left
220,-142.062,1000,-18.5065,-90.3287,18.4104,1000,True,False,2.8217966004993507,0.8114605659438955,0.8734877473069743,-1,0.19639399722809395,15.813320736045146,left
221,-142.072,1000,-26.000999999999998,-90.244,15.1836,1000,True,False,2.8214202808907953,0.8114416670663969,0.9724850630022425,-1,0.3351094353150845,14.789672279769869,left
222,-142.034,1000,-18.5603,-107.044,18.4454,1000,True,False,2.833529222705566,1.0645305658719737,0.8734850597986804,-1,0.21385027986841293,15.850093284420531,left
223,-142.075,1000,-18.5819,-107.045,18.4124,1000,True,False,2.8344254772856914,1.0642413593742845,0.8733942675223562,-1,0.2140335627401569,15.84780043121078,left
224,-144.857,1000,-26.2456,-89.9492,14.3244,1000,True,False,3.2483203156179545,0.7795667879213042,0.9699932153324833,-1,0.19130192151748837,16.266047683324558,left
225,-144.858,1000,-26.2387,-89.9436,14.3255,1000,True,False,3.248314786145532,0.7795023095011193,0.9699349704480417,-1,0.1913960216078789,16.264600254210354,left
226,-144.958,1000,-26.2809,-89.91799999999999,14.2477,1000,True,False,3.2472685218611637,0.7779540913089286,0.9690662698997832,-1,0.19044090698773986,16.605477012604677,left
227,-144.954,1000,-26.274,-89.9358,14.2488,1000,True,False,3.247125881557334,0.77859310821736,0.9693541356288907,-1,0.19066472346938113,16.60462692646019,left
228,-153.16299999999998,1000,-18.5426,-89.9314,10.8507,1000,True,False,2.7415666057350396,0.7760219481004841,0.8639711112862462,-1,0.08590856695403819,16.599540010220256,left
229,-148.961,1000,-26.3602,-90.0042,10.8549,1000,True,False,2.9728901555115397,0.7973322715058305,0.9676331712203307,-1,0.08629092378993508,16.602627120583108,left
230,-151.285,1000,-30.6442,-90.0818,10.7887,1000,True,False,3.4125296428317236,0.5684352022292494,0.7386142974097153,-1,0.08594279663171663,16.610200401204107,left
231,-148.998,1000,-26.4112,-90.0924,10.8229,1000,True,False,2.9732249632616643,0.7972897219072375,0.967068457904715,-1,0.08629666278519789,16.61173228296408,left
232,-153.285,1000,-18.5731,-90.2626,10.7491,1000,True,False,2.7355364305764525,0.7778805022171684,0.8629962801553983,-1,0.0861262992758633,16.597576929335666,left
233,-153.287,1000,-18.5772,-90.2487,10.7482,1000,True,False,2.735334738447844,0.7772006991673586,0.862429766732355,-1,0.08614941079260233,16.5957216373228,left
234,-153.241,1000,-18.5436,-90.4026,10.7731,1000,True,False,2.713333107754931,0.7749225289695721,0.8580908946287926,-1,0.0850082571795804,16.479322540080137,left
235,-153.24200000000002,1000,-18.5382,-90.4429,10.7674,1000,True,False,2.711537328508549,0.775732070573791,0.8585792313849836,-1,0.08530411781490953,16.478993482504286,left
236,-153.188,1000,-21.5863,-115.071,11.4289,1000,True,False,2.729075810392651,0.7832259335820045,0.6468190324360483,-1,0.10478753969646382,16.263013704655755,left
237,-153.192,1000,-21.5899,-115.08200000000001,11.4241,1000,True,False,2.7292689279902347,0.7837072442026073,0.6472382679007259,-1,0.10477633492677033,16.258366176769734,left
238,-150.821,1000,-18.3901,-115.101,11.4442,1000,True,False,2.33517932314576,1.0514194462101794,0.8751052200666122,-1,0.10541565257189721,16.264766144575223,left
239,-150.812,1000,-18.3862,-115.113,11.45,1000,True,False,2.3341761123669142,1.0520589651726744,0.8755387087669627,-1,0.10534248365681062,16.265234759702278,left
240,-146.28799999999998,1000,-26.104,-90.535,11.5285,1000,True,False,2.5471522927115,0.7924008747607235,0.9737712086546696,-1,0.18913952231599704,16.170167388899802,left
241,-146.287,1000,-26.1046,-90.5362,11.529000000000002,1000,True,False,2.5471651573769116,0.7924048768661943,0.9736870669104378,-1,0.18914088415927832,16.170130452130326,left
242,-143.387,1000,-15.9768,-91.0316,14.9652,1000,True,False,2.21613046728402,1.0646914776223466,1.1400750837795615,-1,0.08787858446861599,16.26320265501123,left
243,-143.376,1000,-15.9706,-90.6444,14.9783,1000,True,False,2.21570887469553,1.084893642988277,1.1403147969224365,-1,0.1917225437200288,16.265339312684038,left
244,-143.399,1000,-15.9483,-91.0615,14.9587,1000,True,False,2.1985626153733584,1.058670611140996,1.1329833231059943,-1,0.08763697957307713,16.13503546744042,left
245,-143.44,1000,-15.9626,-91.0911,14.9276,1000,True,False,2.1966315667196183,1.0588849045311381,1.1330095481485787,-1,0.08746114198988406,16.12970387355333,left
246,-148.16,1000,-8.62027,-91.1878,14.7924,1000,True,False,1.9804615081443708,1.0859413163207732,1.0775278683272462,-1,0.08819061325576406,16.20780990800401,left
247,-153.28799999999998,1000,-8.622160000000001,-91.1854,11.3509,1000,True,False,1.7926955441642414,1.0855609664312103,1.0772221179713306,-1,0.08809991049679336,16.213525767769703,left
248,-150.67700000000002,1000,-8.59422,-91.0659,14.0822,1000,True,False,2.3257859300469024,1.088783036522477,1.0809487429187423,-1,0.08929173489417568,16.211563037132695,left
249,-150.685,1000,-8.59784,-91.0847,14.0761,1000,True,False,2.325421254036478,1.088849459686241,1.0808505682829428,-1,0.08920294947748392,16.210361799181253,left
250,-150.77100000000002,1000,-8.59896,-91.1123,14.0199,1000,True,False,2.3216750193242763,1.0888176247431909,1.0802341388499008,-1,0.0897782439331983,16.195040591118996,left
251,-150.766,1000,-8.59992,-91.1313,14.0205,1000,True,False,2.3202929734677697,1.08957156333032,1.0807331621302065,-1,0.08986848294537228,16.19376800111876,left
252,-150.82299999999998,1000,-8.59435,-91.0393,13.9878,1000,True,False,2.3050212594031114,1.080375240206753,1.072358170060071,-1,0.08948688048119624,16.08508259072303,left
253,-150.816,1000,-8.59304,-91.0217,13.9935,1000,True,False,2.305439802527761,1.0803970656936073,1.0725856592719714,-1,0.08948760747970348,16.08757097763916,left
254,-150.792,1000,-8.604619999999999,-91.0364,14.0056,1000,True,False,2.3227575219753835,1.0889412328589578,1.0811296986124466,-1,0.08986653308957263,16.208759151853243,left
255,-150.762,1000,-8.60295,-91.04299999999999,14.0241,1000,True,False,2.3239879601094433,1.0894763016304154,1.0816619219072645,-1,0.08986767562729364,16.212279096614076,left
256,-150.85299999999998,1000,-8.592139999999999,-90.9932,13.9764,1000,True,False,2.323112677417232,1.0870279061843569,1.079359004480241,-1,0.09022672026688106,16.202987494978167,left
257,-150.842,1000,-8.58709,-90.9975,13.9841,1000,True,False,2.322087566333313,1.087719621439244,1.0798696548760618,-1,0.09031882454949296,16.201737873112982,left
258,-150.885,1000,-8.60553,-91.0203,13.9537,1000,True,False,2.3077872195355944,1.0809852296114884,1.0731896741120508,-1,0.08970041793456997,16.09601329562242,left
259,-150.879,1000,-8.60932,-91.0374,13.9548,1000,True,False,2.3080625804952635,1.0810842529786413,1.0731422828079837,-1,0.08970353749879882,16.096614536877603,left
260,-150.875,1000,-8.605310000000001,-90.9946,13.9543,1000,True,False,2.3239138767051855,1.0884175724983207,1.0807040212568515,-1,0.09052969729331173,16.20468582580061,left
261,-150.862,1000,-8.601389999999999,-90.9957,13.9639,1000,True,False,2.323043729547063,1.0892330343952643,1.0815287796766235,-1,0.09043962205140922,16.206163564982795,left
262,-155.737,1000,-8.62262,-91.0799,10.6603,1000,True,False,2.1321274745615284,1.0895085328831238,1.0812855896995193,-1,0.09007625183701137,16.208462936878025,left
263,-155.722,1000,-8.62513,-91.134,10.6628,1000,True,False,2.1295970566697844,1.091043450734315,1.0822668931288417,-1,0.09026222743175606,16.214380631890503,left
264,-150.892,1000,-15.9981,-90.6979,10.7119,1000,True,False,2.323474983344266,1.0920166048751692,1.1460897527831624,-1,0.19600946452456128,16.237363827309302,left
265,-150.884,1000,-15.9981,-90.6967,10.7192,1000,True,False,2.3240222451646977,1.0912230771969305,1.1453750019071718,-1,0.19578828187380426,16.237468671647324,left
266,-151.009,1000,-16.0716,-91.1026,10.6213,1000,True,False,2.325179071535554,1.0683950334754668,1.1442422566512214,-1,0.0893586007684236,16.23953300887678,left
267,-151.02100000000002,1000,-16.0735,-91.0816,10.6126,1000,True,False,2.326027612930788,1.0682345980360701,1.1443445615748005,-1,0.08950344525978068,16.232573174266598,left
268,-151.034,1000,-16.0637,-91.1089,10.5989,1000,True,False,2.322047976343629,1.06937550661331,1.1450727768765703,-1,0.08986661767921578,16.228608294473933,left
269,-151.024,1000,-16.0635,-91.1138,10.6037,1000,True,False,2.3223575144420416,1.0691720154794444,1.1447675135267066,-1,0.08983743796021275,16.23104939028113,left
270,-151.024,1000,-16.0511,-91.1294,10.607000000000001,1000,True,False,2.319496446163505,1.0694422803550987,1.1447303407359926,-1,0.09006321633010082,16.571665443485752,left
271,-151.029,1000,-16.0534,-91.1343,10.6029,1000,True,False,2.3193417218071435,1.069439995626053,1.144683397840495,-1,0.09015439250530305,16.570713361882643,left
272,-150.975,1000,-16.0356,-90.729,10.6333,1000,True,False,2.3179049320307348,1.0917270905697394,1.1459347566278317,-1,0.19578509202422537,16.56973139045838,left
273,-150.97,1000,-16.0331,-90.7379,10.6358,1000,True,False,2.31802069374127,1.0913736672269503,1.1454065844646928,-1,0.19587840329146744,16.22832945463423,left
274,-155.76,1000,-9.93397,-107.78,11.2585,1000,True,False,2.126518979488578,1.1531799548936772,0.8210163923588708,-1,0.21703209566404516,16.215789490278247,left
275,-155.765,1000,-9.93539,-107.788,11.2547,1000,True,False,2.1263117319969633,1.1541303173840425,0.8218990691797058,-1,0.21714316733153718,16.21548985657589,left
276,-150.945,1000,-18.3066,-107.814,11.2746,1000,True,False,2.313851910520307,1.0953564363736243,0.8857487592042667,-1,0.21713094717464712,16.222653970546354,left
277,-151.004,1000,-18.3201,-107.81200000000001,11.2322,1000,True,False,2.3134304444455562,1.0951600390587335,0.8859626500938346,-1,0.21699118127215625,16.218979257680786,left
278,-151.003,1000,-18.3199,-107.81200000000001,11.2335,1000,True,False,2.313504821311401,1.0951600390587326,0.8859626500938346,-1,0.21699118127215372,16.21975573293599,left
279,-151.035,1000,-18.335,-115.471,11.2082,1000,True,False,2.311525054665636,1.0738783879989995,0.8840578591406089,-1,0.1115602390033048,16.20690566997206,left
280,-151.031,1000,-18.3347,-115.471,11.210999999999999,1000,True,False,2.3116794499858715,1.0737760431630967,0.8840899392065608,-1,0.11154602732272206,16.206558778435756,left
281,-151.016,1000,-18.3388,-107.93299999999999,11.2163,1000,True,False,2.3123522870880917,1.0955700620179938,0.8842080717466033,-1,0.2172967277184038,16.212649037691374,left
282,-151.01,1000,-18.3379,-107.93,11.2205,1000,True,False,2.312273725587897,1.0954526759539154,0.8841197765567711,-1,0.21740205289105502,16.209248284384156,left
283,-151.055,1000,-18.3309,-107.86200000000001,11.192,1000,True,False,2.3124588398625767,1.096174808851698,0.8850904594933418,-1,0.2181312445808478,16.209269049356582,left
284,-155.859,1000,-9.9862,-107.868,11.1749,1000,True,False,2.128127134913008,1.1553501422639807,0.8213218572885214,-1,0.21777167586699833,16.20491757843589,left
285,-153.477,1000,-16.1778,-108.20100000000001,7.68353,1000,True,False,1.7885020049685618,1.3939127527188622,1.139400121544072,-1,0.21898280837993286,16.200438944448255,left
286,-153.477,1000,-16.1657,-108.191,7.6883300000000006,1000,True,False,1.7883451806723465,1.3936190993208497,1.1392570096190808,-1,0.21902378452048352,16.198556861379025,left
287,-148.378,1000,-16.1284,-108.126,11.2087,1000,True,False,1.972937357295056,1.3922331182270704,1.138710554953803,-1,0.21899011172303384,16.201150223496935,left
288,-148.38,1000,-16.1329,-108.124,11.2027,1000,True,False,1.9727176290224635,1.392291772919472,1.1387162713596752,-1,0.2189136078998679,16.20189630659789,left
289,-153.541,1000,-18.5671,-122.791,8.15255,1000,True,False,1.7862427162496493,1.3932461817359096,0.8714656108332733,-1,0.2794793914168842,15.890669843150512,left
290,-153.487,1000,-18.5619,-122.802,8.18776,1000,True,False,1.7867638271579847,1.3950702418608552,0.8724093148971275,-1,0.27955047751751977,15.895092780280917,left
291,-153.45,1000,-18.5758,-122.82600000000001,8.20854,1000,True,False,1.7877468045452138,1.3947871180010731,0.871616583564931,-1,0.2799098305843171,15.893412343977648,left
292,-153.48,1000,-18.5719,-122.82799999999999,8.191980000000001,1000,True,False,1.7855726148886093,1.394488441217016,0.8715243965074522,-1,0.27986718587113085,15.891819160729648,left
293,-155.738,1000,-18.6236,-108.947,7.7657300000000005,1000,True,False,2.1301983977463834,1.095199038444421,0.8690296627945097,-1,0.2208116754508395,15.892492414592665,left
294,-155.763,1000,-18.6363,-108.959,7.74803,1000,True,False,2.1298222405858396,1.0952557883495588,0.8692182969310167,-1,0.220918724096722,15.892313570139073,left
295,-155.747,1000,-21.8738,-123.486,8.29275,1000,True,False,2.1286617915533044,1.0945076889826928,0.6379216379770669,-1,0.28478699178723016,15.620227519133453,left
296,-155.773,1000,-21.8857,-123.493,8.27373,1000,True,False,2.129411030793361,1.0944380128096012,0.6379970556752017,-1,0.28478047490586234,15.615210842132837,left
297,-155.722,1000,-21.928,-116.671,8.30457,1000,True,False,2.132736464443812,1.1554279379270278,0.6368057307916294,-1,0.432064007994322,15.622095573371574,left
298,-155.734,1000,-21.936,-116.675,8.29454,1000,True,False,2.1322684323477614,1.1554951230179407,0.6368406513491838,-1,0.4322450492783692,15.621438046054186,left
299,-155.862,1000,-21.9436,-123.531,8.215069999999999,1000,True,False,2.1311803693429523,1.0936639629996052,0.6359466453763538,-1,0.28641343985273315,15.612343268250383,left
300,-155.832,1000,-21.9211,-123.53,8.24127,1000,True,False,2.1303547650644963,1.0947216442688636,0.6356872746871729,-1,0.2868559904612277,15.614812618535527,left
301,-155.83,1000,-21.9377,-123.57,8.24542,1000,True,False,2.117440925297452,1.0851449028341698,0.6299312895178059,-1,0.2846898268791797,15.512414540532879,left
302,-155.857,1000,-26.479,-126.646,8.82809,1000,True,False,2.115253204958244,1.1471582114350767,0.44244635088011813,-1,0.5333419085062358,15.280222419178495,left
303,-155.918,1000,-21.8974,-123.506,8.1953,1000,True,False,2.1290679572899376,1.0926867573408017,0.6346288648786111,-1,0.2863269454684133,15.60180831320706,left
304,-155.914,1000,-21.8984,-123.51700000000001,8.19759,1000,True,False,2.1291604803937467,1.0926733749593334,0.6346385453953851,-1,0.28624134599739726,15.602046300439303,left
305,-155.834,1000,-26.4175,-134.437,8.8678,1000,True,False,2.115560815434059,1.0830669193226266,0.44130678510020177,-1,0.3863502382220828,15.271255292772018,left
306,-155.874,1000,-26.4209,-134.44,8.83896,1000,True,False,2.1142840507696947,1.0831007087256321,0.4412726283444833,-1,0.3864355544446214,15.265704637898494,left
307,-155.781,1000,-26.4315,-134.447,8.906830000000001,1000,True,False,2.131842026454336,1.09046160103926,0.4443979794436105,-1,0.38895919991254596,15.380058074471798,left
308,-155.768,1000,-21.8778,-123.493,8.31635,1000,True,False,2.11932306169547,1.0830092161942424,0.6293668979552655,-1,0.2832369824412573,15.507973689659181,left
309,-155.808,1000,-26.4884,-134.51,8.876430000000001,1000,True,False,2.131122360777431,1.0913728889397338,0.4440792408699758,-1,0.3897629307605253,15.38598513772898,left
310,-155.78799999999998,1000,-26.4986,-134.518,8.895430000000001,1000,True,False,2.1319233237233743,1.0903236776138827,0.443481369902023,-1,0.3897210086896372,15.386490791728326,left
311,-155.722,1000,-26.5213,-126.73,8.94281,1000,True,False,2.1179388871774893,1.1445606330705638,0.4399252723223508,-1,0.5329679197450791,15.517095086835093,left
312,-155.722,1000,-26.5305,-126.749,8.94165,1000,True,False,2.117982986609967,1.1444068896907138,0.4399814892902467,-1,0.5327875144240132,15.513891238533361,left
313,-150.849,1000,-36.38,-117.057,8.96343,1000,True,False,2.306956565980469,0.81736821453911,0.5425535956409409,-1,0.4314335372643303,15.510418612343413,left
314,-155.72799999999998,1000,-26.557,-117.024,8.94003,1000,True,False,2.133501609245657,0.883246814557956,0.4417593300656884,-1,0.43456295887652896,15.612104529785043,left
315,-155.77100000000002,1000,-33.2766,-134.815,9.604619999999999,1000,True,False,2.1177383220046186,0.8161567906596245,0.29138988597226007,-1,0.39000579733565305,15.272538124551826,left
316,-155.761,1000,-33.2456,-134.778,9.62459,1000,True,False,2.116444762017775,0.8163772796477199,0.2910813691899386,-1,0.39030278064631646,15.270088436318849,left
317,-155.828,1000,-33.2786,-134.75,9.56782,1000,True,False,2.1190769355074863,0.8163892477136498,0.2913288759386494,-1,0.3906276038642015,15.269321303585954,left
318,-155.80100000000002,1000,-33.2898,-134.784,9.58784,1000,True,False,2.1345876390354217,0.8209503985152522,0.2933967635730301,-1,0.3924708988521221,15.374562713717323,left
319,-157.89,1000,-33.283,-134.775,8.87757,1000,True,False,2.5252552819900007,0.8217152008948442,0.2938911799473783,-1,0.3923064431253434,15.373311557967815,left
320,-157.892,1000,-33.2663,-134.766,8.88231,1000,True,False,2.507945998217437,0.8152999790436238,0.2912880818863726,-1,0.389636000515074,15.265991693198794,left
321,-153.287,1000,-33.1999,-134.72799999999998,12.993,1000,True,False,2.7113308781653416,0.8203339875928023,0.292839237770773,-1,0.39195149242347316,15.382554347604996,left
322,-153.29399999999998,1000,-33.2055,-126.868,12.9845,1000,True,False,2.710934634989621,0.8817239319172767,0.2933372510137421,-1,0.5377079179854852,15.384629015241071,left
323,-157.844,1000,-33.2098,-134.688,8.94818,1000,True,False,2.5254124245236342,0.8195668043779505,0.292371716221543,-1,0.39243011682153855,15.373009777924672,left
324,-153.295,1000,-33.1791,-134.689,12.9922,1000,True,False,2.71253975477249,0.8195076153746456,0.2927280252396725,-1,0.3917475956466144,15.375541691983488,left
325,-150.839,1000,-26.7134,-116.96600000000001,13.1266,1000,True,False,2.3307861101788943,0.8702829117979113,0.4332325538233167,-1,0.4332805142833913,15.38254313492186,left
326,-150.829,1000,-26.7166,-116.991,13.1357,1000,True,False,2.33291483508801,0.87098576008502,0.43328453897608304,-1,0.43333747149347185,15.38074638408873,left
327,-150.868,1000,-33.4305,-126.78200000000001,14.0787,1000,True,False,2.329335858707845,0.8697476261055971,0.28909743962617646,-1,0.5349976966550708,15.187417942701105,left
328,-150.81799999999998,1000,-33.4083,-126.774,14.1269,1000,True,False,2.32987835175257,0.8697812828120309,0.2889496363187986,-1,0.534764061026244,15.188227650957558,left
329,-150.79399999999998,1000,-33.3738,-116.807,14.1459,1000,True,False,2.3271679450250926,0.6377706607210495,0.28876773960639845,-1,0.42986722529700605,15.19113807796251,left
330,-150.899,1000,-33.4081,-123.71799999999999,14.0595,1000,True,False,2.324414400809491,0.57489806248554,0.28834820854275695,-1,0.2837788294575394,15.163300501602956,left
331,-150.869,1000,-26.6882,-123.667,13.1117,1000,True,False,2.3295706966952396,0.80229254234531,0.43362795120438624,-1,0.28367799010459976,15.358340267572453,left
332,-150.865,1000,-26.6933,-123.664,13.1151,1000,True,False,2.32993565012215,0.8023149810705823,0.4330767093055529,-1,0.2840283852398787,15.359192228383709,left
333,-150.786,1000,-33.0511,-123.04,14.1504,1000,True,False,2.327758544944203,0.5725268322943489,0.29187664619202264,-1,0.2809379074166353,15.179136731819426,left
334,-150.781,1000,-33.0567,-123.051,14.1529,1000,True,False,2.32799568047185,0.5724694175374395,0.29190785345638615,-1,0.2808049220756115,15.179990402461037,left
335,-150.762,1000,-33.0938,-116.24700000000001,14.1637,1000,True,False,2.332549896779293,0.6343054112047853,0.29269052352719965,-1,0.425934632829264,15.185564164624276,left
336,-150.762,1000,-33.0985,-123.064,14.1656,1000,True,False,2.3327063058848436,0.5720479596065434,0.29272105173505325,-1,0.2797970055754594,15.186206589361115,left
337,-146.257,1000,-33.0361,-116.18700000000001,18.4246,1000,True,False,2.566285513443712,0.6346081928286714,0.2929008730271718,-1,0.4258081882525216,15.189760870891629,left
338,-146.273,1000,-33.0544,-116.17299999999999,18.4104,1000,True,False,2.565734190763329,0.634810278991018,0.29253126763714526,-1,0.42668738464354755,15.186965239254995,left
339,-146.259,1000,-33.0062,-116.17299999999999,18.4171,1000,True,False,2.566331184200834,0.6345608701952798,0.2929655765920826,-1,0.42581576612421373,15.191067415473233,left
340,-150.749,1000,-33.0738,-116.208,14.1782,1000,True,False,2.336375875796993,0.6340036125036891,0.2931895814478482,-1,0.4252049441218644,15.19193311148171,left
341,-146.29399999999998,1000,-33.0197,-116.178,18.3769,1000,True,False,2.564262227397314,0.6342664807366715,0.2935119820612289,-1,0.4251113520687039,15.193359034723313,left
342,-146.246,1000,-32.9939,-116.15100000000001,18.4207,1000,True,False,2.5630485145393713,0.6335351471732307,0.29335725035973176,-1,0.4245771127709434,15.19305002720251,left
343,-153.183,1000,-33.0537,-116.116,13.1418,1000,True,False,2.732761496554022,0.6339275111412814,0.2936169027117874,-1,0.42592346392717406,15.19288915666939,left
344,-153.166,1000,-33.0668,-116.12100000000001,13.155999999999999,1000,True,False,2.7353180040880227,0.6347841609380116,0.29322831923202125,-1,0.42681281778799496,15.19749359593639,left
345,-153.237,1000,-26.6442,-104.50200000000001,12.257,1000,True,False,2.7362412442952824,0.634391355529285,0.43561817118594864,-1,0.366629101356419,15.384091074584,left
346,-153.253,1000,-26.641,-104.476,12.2493,1000,True,False,2.7371245115114173,0.6339233546484311,0.43553973633694176,-1,0.366840393587672,15.382120972273446,left
347,-153.27,1000,-33.1241,-116.167,13.0679,1000,True,False,2.7364489365759335,0.6333088468237145,0.293038542606883,-1,0.4257323044456583,15.196888989461108,left
348,-153.283,1000,-33.0956,-116.147,13.0612,1000,True,False,2.7341564515841914,0.6337115494633763,0.29332744456394955,-1,0.4258708208425819,15.193157588147194,left
349,-153.189,1000,-33.0094,-104.103,13.1482,1000,True,False,2.734393553915268,0.446101445995733,0.2929388547469678,-1,0.3652926062757277,15.387466992801809,left
350,-153.217,1000,-33.0175,-104.074,13.128,1000,True,False,2.7351625943911864,0.4461409168340493,0.29298568813404013,-1,0.365513312654141,15.388301990796068,left
351,-153.214,1000,-33.1251,-116.15100000000001,13.1216,1000,True,False,2.7389002031481553,0.6325843675074839,0.2924891751777875,-1,0.42560988942536127,15.39639725762695,left
352,-153.19899999999998,1000,-33.1156,-116.152,13.1367,1000,True,False,2.739768236065835,0.632547115027691,0.2929423437762202,-1,0.4252553456017331,15.396153833832514,left
353,-155.335,1000,-33.3896,-104.52600000000001,12.2014,1000,True,False,3.1740336547628667,0.44504461455151784,0.28957567999755285,-1,0.366126572720776,15.608106280205506,left
354,-155.361,1000,-33.408,-104.542,12.1796,1000,True,False,3.1727655521855516,0.44514354103477605,0.28958304202248303,-1,0.3663131106404908,15.609667903095824,left
355,-153.31799999999998,1000,-26.7036,-104.42,12.2212,1000,True,False,2.745059199353203,0.6306304495947513,0.43381687988773193,-1,0.36630816968871094,15.616313892589469,left
356,-155.345,1000,-33.3344,-104.396,12.2099,1000,True,False,3.173541212122772,0.4445108340557662,0.28919071649933265,-1,0.3664161533318256,15.614712200293367,left
357,-155.363,1000,-33.3828,-104.411,12.1889,1000,True,False,3.174660008491164,0.44325335133251703,0.28942344115051816,-1,0.3654297790014519,15.618514326898872,left
358,-151.382,1000,-44.2055,-104.419,12.1786,1000,True,False,3.4054063884687396,0.38201479287683693,0.39295397658662135,-1,0.36562758760947084,15.621841976281583,left
359,-151.406,1000,-44.1899,-104.431,12.1594,1000,True,False,3.4102328629211764,0.38256672674993375,0.39360564443755064,-1,0.3655889872198057,15.624747838400571,left
360,-153.237,1000,-33.3115,-104.35799999999999,13.1241,1000,True,False,2.734192934817149,0.4438857717468895,0.2896392429362134,-1,0.36596740984823645,15.614476149795712,left
361,-149.082,1000,-44.1926,-116.525,13.0813,1000,True,False,2.9678844760294356,0.5721750365501669,0.3934772651571953,-1,0.42808234022807334,15.631825566050924,left
362,-149.086,1000,-44.1962,-116.537,13.077,1000,True,False,2.967609139172526,0.5721436805866257,0.39306701314022996,-1,0.42831689363736025,15.628557229160721,left
363,-149.017,1000,-44.2183,-116.675,13.1038,1000,True,False,2.9717644481848464,0.5760975255655949,0.39548239266517693,-1,0.42848930592776435,15.640337816741322,left
364,-149.018,1000,-44.2191,-116.67299999999999,13.1024,1000,True,False,2.9700952677586097,0.5761122903010905,0.39548239266517693,-1,0.4285482911350591,15.640337816741322,left
365,-148.97799999999998,1000,-44.1544,-116.633,13.1597,1000,True,False,2.972310195084365,0.5755764434285826,0.39480460036052006,-1,0.42829473681534386,15.635345812665106,left
366,-148.999,1000,-44.1479,-116.603,13.1485,1000,True,False,2.9730015966805214,0.5757117457718474,0.39467319915792615,-1,0.4286498616888233,15.637838402200765,left
367,-148.929,1000,-33.274,-116.557,17.1324,1000,True,False,2.967281246742413,0.636640883977902,0.2900305380193354,-1,0.428829774251044,15.626864609102666,left
368,-153.16,1000,-33.3314,-116.61399999999999,13.1802,1000,True,False,2.7379051170051527,0.6362559595846602,0.289902521128048,-1,0.42900408068830304,15.624534786278717,left
369,-148.985,1000,-44.1826,-116.67,13.152000000000001,1000,True,False,2.9678313917124743,0.5757593780033243,0.39417673665315617,-1,0.42906629563148024,15.632357162470706,left
370,-148.988,1000,-44.1956,-116.677,13.1471,1000,True,False,2.9677861181734926,0.5757356884979142,0.3943031119698953,-1,0.42917782212956435,15.631341780229823,left
371,-146.34799999999998,1000,-44.126999999999995,-126.666,14.1998,1000,True,False,2.574519146761327,0.8069915835617599,0.393771807728883,-1,0.532612861639865,15.649698282131196,left
372,-146.356,1000,-44.1533,-126.682,14.1847,1000,True,False,2.5728817528826995,0.8076562402268059,0.39451779453082436,-1,0.532235662797646,15.648367573958486,left
373,-146.355,1000,-36.6033,-116.97,13.1803,1000,True,False,2.5706627736075554,0.8095239432035499,0.5390742605476255,-1,0.4316862057040567,15.926107421477688,left
374,-146.356,1000,-36.6174,-117.009,13.1738,1000,True,False,2.570686991766557,0.8093247964523484,0.5392813280308419,-1,0.4312619827397694,15.927898269399954,left
375,-146.434,1000,-36.6287,-116.965,13.1216,1000,True,False,2.5717391418225484,0.8076552058222247,0.5379909676238164,-1,0.43140416069085213,15.929315085492263,left
376,-146.467,1000,-36.6611,-117.01299999999999,13.0796,1000,True,False,2.568083943378329,0.8084832726042993,0.5382659575820632,-1,0.4320317969268434,15.923888770510374,left
377,-146.487,1000,-36.6627,-117.015,13.0642,1000,True,False,2.568664965610184,0.8084965762742058,0.5383433921965044,-1,0.4322592750804123,15.649589943679516,left
378,-146.466,1000,-36.6299,-116.988,13.0861,1000,True,False,2.56617090635394,0.8097549355655701,0.5384745262772501,-1,0.4329281406064037,15.640698304972695,left
379,-146.45,1000,-36.6336,-116.993,13.102,1000,True,False,2.567081184095775,0.8087177296524888,0.537909883314396,-1,0.43250222106952163,15.640141805181575,left
380,-146.405,1000,-44.1964,-126.736,14.1324,1000,True,False,2.5732905144420672,0.8086949786528566,0.3939525175392424,-1,0.5343107732523736,15.418757771556297,left
381,-149.015,1000,-44.1977,-126.741,13.1259,1000,True,False,2.969800088997375,0.8086764716352659,0.39381108144531557,-1,0.5341213314008205,15.649650685279829,left
382,-150.894,1000,-33.4007,-126.681,14.0795,1000,True,False,2.33952714303878,0.8689381436745119,0.28964710743802025,-1,0.5340623013350274,15.411414876033053,left
383,-150.93200000000002,1000,-26.7567,-116.939,13.0701,1000,True,False,2.344494828607828,0.8676711060701275,0.43370461140173655,-1,0.43137401359540684,15.64244872221983,left
384,-149.071,1000,-36.6018,-116.90899999999999,12.2329,1000,True,False,2.972650696252732,0.8079020897754129,0.5384577696517237,-1,0.4318760680283176,15.649268097994138,left
385,-149.059,1000,-36.6011,-116.92200000000001,12.2433,1000,True,False,2.9712309382262663,0.8078786011788252,0.5383339071487077,-1,0.43184751598122056,15.646830108270606,left
386,-157.857,1000,-33.1492,-116.711,8.966619999999999,1000,True,False,2.5394760579999045,0.6464043235463174,0.2937221253070619,-1,0.43252094384628403,15.921859376668824,left
387,-157.842,1000,-33.1534,-116.745,8.975439999999999,1000,True,False,2.5399092180546674,0.6469709879211705,0.29377590845518214,-1,0.4325734494596343,15.923211656706913,left
388,-157.893,1000,-33.1911,-126.68700000000001,8.91622,1000,True,False,2.5417383192067886,0.8802376821766305,0.29469696183667976,-1,0.5369231037227472,15.924932980868757,left
389,-157.876,1000,-33.1879,-126.694,8.92914,1000,True,False,2.5421732952233826,0.8799946217145359,0.29468422217023366,-1,0.5364851594922275,15.924633167873703,left
390,-153.303,1000,-26.4272,-116.685,12.1238,1000,True,False,2.7234044188500475,0.8790625351181584,0.4437239871349959,-1,0.43143236591535833,16.24512159465061,left
391,-153.306,1000,-26.4277,-116.685,12.1223,1000,True,False,2.723247976182021,0.8790895869987461,0.44372285897344865,-1,0.43149045551159876,16.245080291673883,left
392,-155.827,1000,-26.455,-123.613,8.902510000000001,1000,True,False,2.1432697631020825,0.8175442346707935,0.44388203409825044,-1,0.28526030294864,16.231182659012422,left
393,-155.822,1000,-26.4477,-123.601,8.90651,1000,True,False,2.1434788757817502,0.8175168276808918,0.4438752631311349,-1,0.28521108710021814,16.232128184268067,left
394,-156.032,1000,-21.9245,-123.376,8.12572,1000,True,False,2.1416427612543605,1.087783297823104,0.6366589137432129,-1,0.2827788077719058,16.575415479743913,left
395,-156.043,1000,-21.9001,-123.344,8.121739999999999,1000,True,False,2.141196005898351,1.0878128416342536,0.6365128924821342,-1,0.2828120941702902,16.572801233061295,left
396,-161.285,1000,-12.0845,-134.047,8.065439999999999,1000,True,False,1.9920173100295424,1.0894275816302146,0.5738163835056317,-1,0.17769788048757,16.55028157783665,left
397,-161.304,1000,-12.0923,-134.099,8.05503,1000,True,False,1.9915102296620788,1.089418713149953,0.5730259536201039,-1,0.17804612818667973,16.545038734659325,left
398,-161.384,1000,-12.09,-134.046,7.9976,1000,True,False,1.9908352871187418,1.0895479192248931,0.5722637114550015,-1,0.1787608881905964,16.53016287731446,left
399,-161.371,1000,-12.0841,-134.03,8.00741,1000,True,False,1.9897950560849351,1.0906392691161653,0.5730041008613557,-1,0.17879471794819826,16.531619367353766,left
400,-161.38299999999998,1000,-21.5805,-123.898,4.341,1000,True,False,1.991133276552466,1.0903080683912791,0.633662401322058,-1,0.2774816271531206,15.52212211529903,left
401,-161.387,1000,-21.5815,-123.89,4.33884,1000,True,False,1.9924214014766266,1.0902852072570466,0.6336575682382094,-1,0.27743543302282214,15.52050799587114,left
402,-161.43200000000002,1000,-21.5814,-123.86399999999999,4.30662,1000,True,False,1.9899538310162794,1.0905371889269688,0.6336178441761816,-1,0.2780173219497838,15.517242443734801,left
403,-161.445,1000,-21.5776,-123.829,4.30086,1000,True,False,1.9911312992120942,1.0894897476120131,0.6343532821624942,-1,0.27746463847779296,15.515691937669539,left
404,-161.362,1000,-21.563000000000002,-123.943,4.36064,1000,True,False,1.9901792586678602,1.090486938457939,0.6327331855211877,-1,0.2777134775179788,15.517374937705311,left
405,-161.358,1000,-21.5575,-123.915,4.36265,1000,True,False,1.9903258053853385,1.0904633349436792,0.6342589463245919,-1,0.2770778712909088,15.520137872816466,left
406,-161.355,1000,-21.5833,-123.874,4.3516900000000005,1000,True,False,1.9920080174130157,1.091521182701915,0.6346176383086346,-1,0.27774163740340857,15.163402304783732,left
407,-161.352,1000,-21.5675,-123.87899999999999,4.35494,1000,True,False,1.9891499074394299,1.0916592779258272,0.6344908888866246,-1,0.2778390564924636,15.163825996297561,left
408,-161.379,1000,-21.5895,-123.986,4.33938,1000,True,False,1.9883769845305772,1.0913555958422734,0.6336565096671134,-1,0.2774491243147595,15.146582193383058,left
409,-161.379,1000,-21.6032,-124.027,4.33685,1000,True,False,1.9883670526551316,1.0903276808144915,0.6322197362666387,-1,0.27771361588299487,15.146222818071795,left
410,-161.361,1000,-21.6556,-124.12700000000001,4.33805,1000,True,False,1.9890185274185974,1.091197744466057,0.6325786677855324,-1,0.27780606731001684,15.155631038384739,left
411,-161.30200000000002,1000,-12.1478,-134.434,8.04335,1000,True,False,1.9903292249089033,1.0922360415707757,0.5710520499317232,-1,0.17918684473512178,16.171236684915982,left
412,-161.317,1000,-12.1649,-134.256,8.02127,1000,True,False,1.992645628710542,1.091145673205271,0.5726017823317757,-1,0.1786972578533205,16.169819811596597,left
413,-161.357,1000,-21.6557,-124.044,4.33624,1000,True,False,1.9917852450013211,1.0910906601509245,0.6334528125826315,-1,0.27787003437544755,15.150605384130323,left
414,-161.361,1000,-12.2229,-134.417,7.9847600000000005,1000,True,False,1.9930937568333078,1.0909886751386981,0.5705431153284813,-1,0.17950541833844413,16.15893362471841,left
415,-161.351,1000,-12.2274,-134.43,7.99166,1000,True,False,1.992028011624681,1.092012987508293,0.5705490934424261,-1,0.1798320090719331,16.16090345308048,left
416,-161.31,1000,-12.1457,-134.352,8.04767,1000,True,False,1.9929243256025486,1.091528098515815,0.5702301456734135,-1,0.17991040665993807,16.16340696252261,left
417,-161.344,1000,-12.1364,-134.246,8.02661,1000,True,False,1.992255844525699,1.0905952109725012,0.5709632469982748,-1,0.17949836755036014,16.514602137441074,left
418,-161.30200000000002,1000,-14.8589,-145.32299999999998,8.65597,1000,True,False,1.9901773325738887,1.0918029714349633,0.3802415212648588,-1,0.2845476329720939,15.832831038095208,left
419,-161.25799999999998,1000,-14.8571,-145.32299999999998,8.684339999999999,1000,True,False,1.9911669861933794,1.0916964174019268,0.38086315187266734,-1,0.28400499631315684,15.840257570749309,left
420,-162.999,1000,-14.9025,-145.357,8.05313,1000,True,False,2.3699011587982954,1.0805849532946228,0.37645080535218867,-1,0.28159581923756394,16.040838750315565,left
421,-162.997,1000,-14.9027,-145.361,8.055010000000001,1000,True,False,2.3684791743457554,1.081610816010179,0.37704877075875504,-1,0.2815669379799915,16.04130438426854,left
422,-162.981,1000,-14.9213,-145.371,8.05668,1000,True,False,2.3820147782624854,1.0892599555609792,0.3791325365833854,-1,0.28425236686089345,16.158070840578844,left
423,-162.972,1000,-14.907,-145.364,8.06649,1000,True,False,2.382227269838262,1.0893321121769044,0.3790894054298705,-1,0.28428654126296665,16.157083636927563,left
424,-158.125,1000,-26.5213,-123.915,8.12631,1000,True,False,2.523974679778892,0.8204196663293719,0.44071473245839116,-1,0.2878485922475763,15.84984295055961,left
425,-156.053,1000,-26.5032,-134.558,8.7361,1000,True,False,2.1360203739676833,1.0884569484561266,0.44137306507057994,-1,0.3899389492901036,15.862677230381195,left
426,-158.036,1000,-26.5762,-123.949,8.17914,1000,True,False,2.5255898963243038,0.8211295615520352,0.4417405845294907,-1,0.288058455491659,15.863110616206773,left
427,-158.076,1000,-26.5801,-134.591,8.14834,1000,True,False,2.525467677399332,1.0891520522245783,0.44107102074848975,-1,0.3909666631077492,15.859332499529716,left
428,-156.055,1000,-26.5381,-134.58700000000002,8.7261,1000,True,False,2.132648358688568,1.0882792695452341,0.4408097136348833,-1,0.39033347146518177,15.851165900585736,left
429,-156.062,1000,-26.5352,-134.586,8.72016,1000,True,False,2.1337718099818854,1.0882421952856494,0.4408306682055748,-1,0.390325532856069,15.851115499603436,left
430,-158.083,1000,-26.5264,-134.484,8.14895,1000,True,False,2.527363722810521,1.0874207955657853,0.44223210994012646,-1,0.3895410838916346,15.867743242521708,left
431,-156.043,1000,-26.5218,-134.489,8.73651,1000,True,False,2.1364121638800615,1.0884875340696465,0.4421344098324018,-1,0.3899752766251709,15.86575464008219,left
432,-157.99200000000002,1000,-26.5811,-123.92,8.21151,1000,True,False,2.5270986519950784,0.8213059757654053,0.44179302454477504,-1,0.2885225057332211,15.86528719217333,left
433,-157.97799999999998,1000,-33.2753,-134.696,8.81387,1000,True,False,2.529237647274207,0.8212328597507357,0.2934724011858226,-1,0.3933000630539492,15.594806238781233,left
434,-157.928,1000,-33.294000000000004,-126.85799999999999,8.85491,1000,True,False,2.5295218189492736,0.8828832644260278,0.29349628002298245,-1,0.5400446600658078,15.614721080547804,left
435,-157.921,1000,-33.2926,-126.85,8.85918,1000,True,False,2.528225268885558,0.8837959902362137,0.2939772203717363,-1,0.5401522947443359,15.615179933382498,left
436,-157.744,1000,-33.2081,-126.86200000000001,9.01946,1000,True,False,2.5223355910140386,0.8842186695955508,0.29289603736359987,-1,0.5403723673104108,15.611583379097118,left
437,-153.183,1000,-43.9905,-126.868,9.02624,1000,True,False,2.712671067853549,0.8219036112106971,0.3969656575210464,-1,0.5400158249492146,15.617194989613589,left
438,-157.77100000000002,1000,-33.2319,-126.889,8.98698,1000,True,False,2.5247145959085,0.8839156678582882,0.2935787155925992,-1,0.539661471337548,15.608303807252417,left
439,-157.786,1000,-33.2329,-126.87200000000001,8.97758,1000,True,False,2.5259052355634974,0.8840577994411281,0.2931300131454842,-1,0.5403584114561497,15.611458245929835,left
440,-150.941,1000,-36.7323,-126.98100000000001,8.96083,1000,True,False,2.3351188779362912,1.0842089872899623,0.5388827569023034,-1,0.5402146113381023,15.614194723768202,left
441,-150.994,1000,-36.74,-126.965,8.917489999999999,1000,True,False,2.3358243606759115,1.082189857261275,0.5383849623448466,-1,0.5400718626209629,15.612063189984386,left
442,-155.782,1000,-26.8019,-126.90700000000001,8.97151,1000,True,False,2.1433133593686473,1.143688443271508,0.43322106622732726,-1,0.5404783606907508,15.605537242697888,left
443,-155.762,1000,-26.7946,-117.041,8.9873,1000,True,False,2.142242692281294,0.8723220099817727,0.4331257611544938,-1,0.4356149899444952,15.60677747465786,left
444,-157.78,1000,-33.2806,-126.90299999999999,8.97534,1000,True,False,2.5227047045901916,0.8837623907372683,0.29322965132539275,-1,0.5400841965025792,15.381828403480117,left
445,-155.779,1000,-26.8128,-117.022,8.97268,1000,True,False,2.1418255139345814,0.8722460809787028,0.43322237109051814,-1,0.43576960273352683,15.375665315835223,left
446,-150.871,1000,-26.7467,-117.038,13.0787,1000,True,False,2.3254440156403104,0.8721785138632563,0.4333918701791365,-1,0.4345147886571982,15.378313846474573,left
447,-150.817,1000,-33.4027,-126.75200000000001,14.114,1000,True,False,2.32634644319974,0.8722632990692005,0.28899564473440426,-1,0.5370379719157798,15.2023736680591,left
448,-150.828,1000,-26.7469,-117.056,13.1057,1000,True,False,2.327920554973617,0.8726039850908692,0.43422292507805876,-1,0.43389240458053857,15.37977936315836,left
449,-150.849,1000,-26.7446,-117.06299999999999,13.0897,1000,True,False,2.326742759804242,0.8725547676857576,0.4341531812114705,-1,0.4337050123943289,15.37437892073986,left
