,angle_leye_lear,angle_reye_rear,angle_leye_nose,angle_reye_nose,angle_lear_nose,angle_rear_nose,lear,rear,d_leye_lear,d_leye_reye,d_leye_nose,d_reye_rear,d_reye_nose,d_nose_neck,orientation
0,1000,-26.6539,-90.229,-128.826,1000,176.23,False,True,-1,0.34176637005416555,0.5297045423800103,3.89034606963378,0.878114947366308,17.20561058585981,right
1,1000,-26.6543,-90.2304,-128.828,1000,176.22799999999998,False,True,-1,0.3417672262402554,0.529705869384949,3.890444396289318,0.8781171472018364,17.20609482104253,right
2,1000,-24.9461,-90.3541,-121.344,1000,176.22099999999998,False,True,-1,0.19361108995143694,0.5286726161540719,4.399135177732913,0.7299606998060522,17.22360279341088,right
3,1000,-24.9128,-90.3715,-121.324,1000,176.25099999999998,False,True,-1,0.19317061442742942,0.5285251812261463,4.401105062304704,0.7303899250038164,17.231143084089446,right
4,1000,-24.7915,-90.3517,-121.12200000000001,1000,176.389,False,True,-1,0.1922968106230155,0.5345218331411622,4.431254052635681,0.7350432045656985,17.31968926218692,right
5,1000,-24.7388,-90.3201,-112.51799999999999,1000,176.192,False,True,-1,0.08961772798347846,0.5315350319748227,4.4106407794238365,0.6274188826854796,17.197136311468856,right
6,1000,-24.7967,-90.4642,-112.54700000000001,1000,176.107,False,True,-1,0.08840913897129393,0.5320128111970792,4.415367673588855,0.6261114897370108,16.78257862612251,right
7,1000,-24.8093,-90.4803,-112.56299999999999,1000,176.092,False,True,-1,0.08870540378693335,0.531933131049412,4.413741491672694,0.6260418206555102,16.78289893237185,right
8,1000,-24.7907,-100.883,-120.977,1000,176.35,False,True,-1,0.0899171014390351,0.5588722727914907,4.454132540819841,0.7340984948634618,17.304476527337684,right
9,1000,-24.7878,-100.876,-120.973,1000,176.355,False,True,-1,0.08991697550563978,0.558508109703646,4.453099493663866,0.7335800916803963,17.29703164663943,right
10,1000,-24.881999999999998,-99.677,-112.565,1000,176.058,False,True,-1,0.04359588935678472,0.7808560618867233,4.424397782695042,0.6293780923809758,17.32018490577463,right
11,1000,-24.8891,-99.6975,-112.565,1000,176.05,False,True,-1,0.04338133626018753,0.781693793051243,4.42568740443569,0.6293156107284319,17.320967688542357,right
12,1000,-28.5406,-108.419,-120.999,1000,175.908,False,True,-1,0.04211434194590232,0.849687373839321,3.410691259588215,0.7347193580944708,17.309686831348447,right
13,1000,-28.5156,-106.124,-116.90100000000001,1000,179.702,False,True,-1,0.042011182995387954,1.1080288481918514,3.4090423121953166,0.9530197847172517,16.284958164696867,right
14,1000,-30.9133,-108.413,-121.07,1000,175.55,False,True,-1,0.04307111878108053,0.8541365204074207,2.9573434909966236,0.7348859697591317,17.322124203042257,right
15,1000,-30.9073,-108.395,-121.068,1000,175.55599999999998,False,True,-1,0.04310001791350496,0.8544051353731211,2.957151654223914,0.7349634387875398,17.317325016588907,right
16,1000,-30.9897,-116.904,-129.075,1000,175.856,False,True,-1,0.043036736393227346,0.9637670005803507,2.9476112563397407,0.8937432035527683,18.356986735131557,right
17,1000,-31.0007,-116.889,-129.08100000000002,1000,175.84400000000002,False,True,-1,0.043178387502932965,0.9644538185341486,2.9474118193264522,0.893579939795662,18.360706255346084,right
18,1000,-33.5007,1000.0,-140.09,1000,176.13299999999998,False,True,-1,-1.0,-1.0,2.56865859628935,1.3130543299416428,19.52747778501196,right
19,1000,-33.4832,1000.0,-140.064,1000,176.16099999999997,False,True,-1,-1.0,-1.0,2.568430450791012,1.311970201307721,19.515448027678858,right
20,1000,-33.4798,-90.546,-140.213,1000,176.081,False,True,-1,0.8528015811134456,0.19426922329631616,2.5719415522971114,1.3115957259975302,18.97041386010199,right
21,1000,-33.4839,-90.5782,-140.216,1000,176.074,False,True,-1,0.8513202660724642,0.19516995682378432,2.572919062891934,1.3115146725950875,18.972526262797057,right
22,1000,-26.6413,-90.6323,-140.222,1000,179.74599999999998,False,True,-1,1.110764912209874,0.020542005016579056,2.7257775873989987,1.3020938438400584,18.508009682401077,right
23,1000,-26.6357,-90.5802,-140.232,1000,179.745,False,True,-1,1.1093692632248415,0.020599900070908853,2.726033183523798,1.3008627110560482,18.504017588529347,right
24,1000,-24.4407,-90.7771,-129.05,1000,179.78,False,True,-1,0.4287611096950589,0.1907434114063483,3.1806677072476477,0.8821883014134854,18.52140443857841,right
25,1000,-24.4557,1000.0,-129.025,1000,179.78599999999997,False,True,-1,-1.0,-1.0,3.1806547378091152,0.8831014718426748,18.529743608639254,right
26,1000,-21.1431,-103.831,-121.169,1000,179.78,False,True,-1,0.10989759477057769,0.3593485159759742,4.181316263691906,0.724902589470496,18.4992024733734,right
27,1000,-21.1292,-108.12299999999999,-121.161,1000,179.796,False,True,-1,0.17288510762877993,0.21253998127317447,4.181458466570616,0.7252631699825599,18.49386871534466,right
28,1000,-22.7294,-99.4599,-121.177,1000,179.63400000000001,False,True,-1,0.10751765430478684,0.7779796346967436,3.68877895013176,0.7233918175301126,17.905443263395966,right
29,1000,-26.3288,-99.462,-121.18799999999999,1000,176.15400000000002,False,True,-1,0.10764734792168167,0.7787433013345555,3.9045255565287884,0.7236935387380361,17.90461878882575,right
30,1000,-22.4648,-90.6105,-117.014,1000,175.97,False,True,-1,0.1707781882412318,0.7773749709815787,3.679888339641696,0.434286068634871,16.7600040398688,right
31,1000,-22.4649,-90.5997,-117.014,1000,175.96900000000002,False,True,-1,0.17109836690200858,0.7773617115230295,3.679869768509889,0.4342248991930395,16.758132184546145,right
32,1000,-26.4826,-98.3106,-112.54,1000,175.82,False,True,-1,0.10414593885250482,1.0460012769554914,3.891742943306704,0.6221231303075018,16.791291708621966,right
33,1000,-26.4776,-99.5286,-112.551,1000,175.82,False,True,-1,0.04646367956551092,0.792178996408712,3.8896155987451952,0.6217854869686557,16.789159490405996,right
34,1000,-30.8033,-98.3356,-116.90100000000001,1000,179.71200000000002,False,True,-1,0.10699726160850549,1.0545008682089123,2.9607888687540815,0.9548372764488219,16.782913184156236,right
35,1000,-26.6988,-105.764,-121.054,1000,179.703,False,True,-1,0.10700380574546316,1.1280671305234429,2.735142195571926,0.7325760328889094,16.78103852686358,right
36,1000,-26.6797,-112.935,-128.85,1000,179.90599999999998,False,True,-1,0.10688029761543841,1.227754810507406,2.70811712803119,0.8916226098895554,17.290358352514783,right
37,1000,-26.6761,1000.0,-128.863,1000,179.896,False,True,-1,-1.0,-1.0,2.711873462485026,0.8917148835741742,17.833800015144828,right
38,1000,-33.4748,-119.73100000000001,-135.173,1000,175.908,False,True,-1,0.10486036790985957,1.3674893382872773,2.545787876340285,1.0785823657694473,17.912990077842643,right
39,1000,-33.5023,-119.775,-135.187,1000,175.878,False,True,-1,0.1040633028009191,1.3646833496975033,2.5472469717888626,1.0789358188348614,17.917128226032425,right
40,1000,-33.485,1000.0,-140.284,1000,176.075,False,True,-1,-1.0,-1.0,2.549907924231116,1.3022428890930768,18.515307066479586,right
41,1000,-33.472,1000.0,-140.266,1000,176.095,False,True,-1,-1.0,-1.0,2.5478248540934785,1.3027089669412977,18.512719235934387,right
42,1000,-28.8134,1000.0,-146.249,1000,176.18200000000002,False,True,-1,-1.0,-1.0,2.3226838948739488,1.1154904536413495,18.503964310955855,right
43,1000,-28.8279,1000.0,-146.239,1000,176.176,False,True,-1,-1.0,-1.0,2.3219527787033307,1.115712398651037,18.50915917214433,right
44,1000,-33.3562,1000.0,-140.347,1000,176.111,False,True,-1,-1.0,-1.0,2.544207813872258,1.2976942515217964,18.509866738676163,right
45,1000,-33.3723,1000.0,-140.358,1000,176.09599999999998,False,True,-1,-1.0,-1.0,2.5449514912754414,1.2974948288654835,18.51051893306548,right
46,1000,-24.5181,1000.0,-135.549,1000,176.06,False,True,-1,-1.0,-1.0,3.137608268576015,0.6932241414557029,18.500470906534975,right
47,1000,-24.5046,1000.0,-135.534,1000,176.06900000000002,False,True,-1,-1.0,-1.0,3.1372630668968458,0.6926228596236264,18.50117714643409,right
48,1000,-22.7083,1000.0,-127.163,1000,175.99099999999999,False,True,-1,-1.0,-1.0,3.6575458973162105,0.5359915435377799,19.14192219852877,right
49,1000,-22.6749,1000.0,-127.147,1000,176.024,False,True,-1,-1.0,-1.0,3.6580488984227353,0.5363050700315445,19.139309579810725,right
50,1000,-18.5859,1000.0,-124.34299999999999,1000,175.787,False,True,-1,-1.0,-1.0,3.48435763881872,0.28725338083503754,18.522363504150984,right
51,1000,-18.5753,1000.0,-124.292,1000,175.822,False,True,-1,-1.0,-1.0,3.4856275711800637,0.2880867314863648,18.526759067141718,right
52,1000,-18.727999999999998,1000.0,-124.45700000000001,1000,175.705,False,True,-1,-1.0,-1.0,3.468539575557723,0.2880350705299454,17.903845508356028,right
53,1000,-18.6916,1000.0,-124.45,1000,175.72099999999998,False,True,-1,-1.0,-1.0,3.467140117319998,0.2872347207527042,17.896316832108216,right
54,1000,-20.1209,-99.1601,-134.864,1000,175.858,False,True,-1,0.28328072895883993,0.8021336289845977,2.9811446552952034,0.3936433698183136,17.866573873250438,right
55,1000,-20.1361,-99.1601,-134.876,1000,175.84,False,True,-1,0.28346753614110815,0.8019299226160965,2.9817278632547715,0.39298918292300844,17.8667693333468,right
56,1000,-24.1004,-99.5831,-134.817,1000,175.09799999999998,False,True,-1,0.28176801888303843,0.8118374822271989,2.1550313716912295,0.3963640886465177,16.92356841923203,right
57,1000,-24.0789,-105.963,-142.613,1000,175.493,False,True,-1,0.4192447490373014,1.1367794493928756,2.1557898801015547,0.5422682124090024,17.997179107552522,right
58,1000,-26.7613,-113.241,-135.185,1000,175.831,False,True,-1,0.21064848114946838,1.2396644262190826,2.7177953105728307,0.7046664403331355,18.024233260855777,right
59,1000,-26.738000000000003,-116.23100000000001,-135.194,1000,175.84799999999998,False,True,-1,0.11225056137200952,0.9776297920062704,2.7184017211170013,0.7046521044774945,18.021474128570095,right
60,1000,-29.253,-119.927,-141.335,1000,175.734,False,True,-1,0.20870283624637745,1.3930283319473815,2.3286671193268216,0.8962623216379257,18.631942214627028,right
61,1000,-29.1585,1000.0,-141.388,1000,175.799,False,True,-1,-1.0,-1.0,2.3240878550737025,0.8953356239811064,18.038162520695938,right
62,1000,-29.1629,1000.0,-141.398,1000,175.79,False,True,-1,-1.0,-1.0,2.326310424726117,0.8962508526824254,18.038425051695057,right
63,1000,-24.1802,1000.0,-153.014,1000,176.09400000000002,False,True,-1,-1.0,-1.0,2.1399017635253257,0.9743357184464138,18.632458826910966,right
64,1000,-24.145,1000.0,-152.97799999999998,1000,176.13400000000001,False,True,-1,-1.0,-1.0,2.14033622047044,0.9750388784171742,18.632181541146117,right
65,1000,-24.221999999999998,1000.0,-153.041,1000,176.06,False,True,-1,-1.0,-1.0,2.156780530860092,0.982989121467554,18.79018273936106,right
66,1000,-24.267,1000.0,-153.08100000000002,1000,176.013,False,True,-1,-1.0,-1.0,2.1582513572579702,0.9824461029594321,18.793226968888714,right
67,1000,-22.1299,1000.0,-153.111,1000,176.30700000000002,False,True,-1,-1.0,-1.0,2.5241723902863495,0.9759067805879428,19.276280077937233,right
68,1000,-22.1262,1000.0,-153.109,1000,176.30900000000003,False,True,-1,-1.0,-1.0,2.524169797114435,0.9759291223214857,19.27672137573515,right
69,1000,-23.8229,1000.0,-160.989,1000,172.61900000000003,False,True,-1,-1.0,-1.0,2.1581042278926583,0.8748113859217188,19.411980273592125,right
70,1000,-23.8081,1000.0,-153.577,1000,176.05900000000003,False,True,-1,-1.0,-1.0,2.1576578488848734,0.9750720010659235,18.433630913824217,right
71,1000,-18.755,1000.0,-160.89700000000002,1000,176.145,False,True,-1,-1.0,-1.0,1.9984017283177968,0.8685288158962541,19.288588180076758,right
72,1000,-18.7513,1000.0,-160.873,1000,176.155,False,True,-1,-1.0,-1.0,1.9995996759333372,0.86779000277263,19.28860862719363,right
73,1000,-18.5758,1000.0,-153.474,1000,179.71400000000003,False,True,-1,-1.0,-1.0,1.996701335923963,0.9663143935444374,18.289707370851772,right
74,1000,-18.5708,1000.0,-153.471,1000,179.71599999999998,False,True,-1,-1.0,-1.0,1.9979972863958577,0.9663315963215069,18.290987072868052,right
75,1000,-21.9747,1000.0,-148.929,1000,176.213,False,True,-1,-1.0,-1.0,2.522979399296613,0.7521482584382544,19.278072714049213,right
76,1000,-17.0744,1000.0,-149.345,1000,179.683,False,True,-1,-1.0,-1.0,2.377521087470089,0.7456476631497598,18.303662478416648,right
77,1000,-24.0001,1000.0,-152.935,1000,176.222,False,True,-1,-1.0,-1.0,2.1242476898606317,0.9650750252474126,19.127365320137358,right
78,1000,-23.9815,1000.0,-146.425,1000,179.701,False,True,-1,-1.0,-1.0,2.122330569560972,1.1024352234540116,18.1549911380868,right
79,1000,-23.9169,1000.0,-146.279,1000,179.81099999999998,False,True,-1,-1.0,-1.0,2.125118977287643,1.1062192388483312,18.83759935013786,right
80,1000,-23.936999999999998,1000.0,-146.285,1000,179.799,False,True,-1,-1.0,-1.0,2.125610491288394,1.1061102678492587,18.841307159394155,right
81,1000,-28.9079,1000.0,-135.115,1000,175.72400000000002,False,True,-1,-1.0,-1.0,2.3085563379926124,0.7004565642232382,19.14613288019879,right
82,1000,-28.89,1000.0,-135.102,1000,175.74599999999998,False,True,-1,-1.0,-1.0,2.30792918085937,0.7013832040945631,19.145940154581552,right
83,1000,-21.8114,1000.0,-135.07299999999998,1000,175.834,False,True,-1,-1.0,-1.0,2.509594187018281,0.404116916069766,19.12963344181337,right
84,1000,-21.805,1000.0,-135.06799999999998,1000,175.84599999999998,False,True,-1,-1.0,-1.0,2.512229770358415,0.4043714983881843,19.129262344783022,right
85,1000,-21.6405,1000.0,-134.597,1000,175.851,False,True,-1,-1.0,-1.0,2.5291671994142435,0.39414508155329925,19.137364682118868,right
86,1000,-21.6475,1000.0,-134.614,1000,175.84,False,True,-1,-1.0,-1.0,2.531215573594589,0.3945931777152151,19.14309425711075,right
87,1000,-19.9036,1000.0,-123.985,1000,175.828,False,True,-1,-1.0,-1.0,2.9698841072560147,0.2899302851054901,19.149884710640514,right
88,1000,-19.8924,1000.0,-123.986,1000,175.831,False,True,-1,-1.0,-1.0,2.9678798920480123,0.28974866069850747,19.14456022943584,right
89,1000,-14.0664,1000.0,-124.25299999999999,1000,179.87400000000002,False,True,-1,-1.0,-1.0,3.340677522210314,0.2830560965811143,18.949311605294902,right
90,1000,-14.1083,1000.0,-134.50799999999998,1000,176.114,False,True,-1,-1.0,-1.0,3.33842044313118,0.18255540156695665,19.925659445590195,right
91,1000,-18.496,1000.0,-124.24799999999999,1000,175.892,False,True,-1,-1.0,-1.0,3.46072227510407,0.2858512602856651,19.14122443007514,right
92,1000,-18.4943,1000.0,-124.274,1000,175.887,False,True,-1,-1.0,-1.0,3.4607990627658816,0.2856751140612875,19.13784006928259,right
93,1000,-19.9082,1000.0,-134.692,1000,175.99900000000002,False,True,-1,-1.0,-1.0,3.0008447288991906,0.3924081705304556,19.26379230649917,right
94,1000,-19.8983,1000.0,-134.67700000000002,1000,176.00799999999998,False,True,-1,-1.0,-1.0,3.0003902667873543,0.39191406710877025,19.257433198905602,right
95,1000,-19.9245,1000.0,-135.282,1000,176.03900000000002,False,True,-1,-1.0,-1.0,2.98118806594095,0.39981953206649556,18.649609292556388,right
96,1000,-19.8857,1000.0,-135.231,1000,176.088,False,True,-1,-1.0,-1.0,2.9813996343544207,0.40043193220046497,18.640635165544936,right
97,1000,-21.8013,1000.0,-148.745,1000,176.28400000000002,False,True,-1,-1.0,-1.0,2.5236099138753088,0.739833265949083,19.262982441954172,right
98,1000,-21.831,1000.0,-148.77,1000,176.25099999999998,False,True,-1,-1.0,-1.0,2.5259850777386488,0.7401884440828306,19.264706891598088,right
99,1000,-23.8593,1000.0,-153.136,1000,176.238,False,True,-1,-1.0,-1.0,2.114815700778844,0.9615947209634131,19.117148168999858,right
100,1000,-23.8771,1000.0,-153.136,1000,176.225,False,True,-1,-1.0,-1.0,2.1155141964118793,0.9616611039016848,19.122764611725735,right
101,1000,-23.7954,1000.0,-148.835,1000,176.13299999999998,False,True,-1,-1.0,-1.0,2.1309865497418037,0.7505982059542209,18.610044218041654,right
102,1000,-23.7826,1000.0,-148.828,1000,176.144,False,True,-1,-1.0,-1.0,2.1306246577153596,0.7514135281569663,18.612110242987153,right
103,1000,-23.9352,1000.0,-152.868,1000,176.304,False,True,-1,-1.0,-1.0,2.1360961580518687,0.9732732569080198,19.27058301842646,right
104,1000,-28.8225,1000.0,-146.012,1000,176.31,False,True,-1,-1.0,-1.0,2.3247518540183107,1.1215225432349798,19.269907479654123,right
105,1000,-29.044,1000.0,-141.35399999999998,1000,175.865,False,True,-1,-1.0,-1.0,2.320678113978089,0.8931181357453704,18.63543798998605,right
106,1000,-28.9983,1000.0,-141.343,1000,175.903,False,True,-1,-1.0,-1.0,2.3201361269324607,0.8925460638730761,18.63033214249391,right
107,1000,-28.9813,1000.0,-135.231,1000,175.59799999999998,False,True,-1,-1.0,-1.0,2.3013235571825383,0.6959358747790939,18.479537581418846,right
108,1000,-28.9781,1000.0,-135.24200000000002,1000,175.59799999999998,False,True,-1,-1.0,-1.0,2.3026863782678517,0.6959446597407165,18.479030192251866,right
109,1000,-21.8173,1000.0,-135.004,1000,175.799,False,True,-1,-1.0,-1.0,2.5057315571442813,0.40010000782572724,19.122464692057363,right
110,1000,-21.8062,1000.0,-134.988,1000,175.81400000000002,False,True,-1,-1.0,-1.0,2.5039510654572927,0.4006925888806655,19.1268496343289,right
111,1000,-21.7184,1000.0,-123.90299999999999,1000,175.34099999999998,False,True,-1,-1.0,-1.0,2.51975503382812,0.28502572200343557,19.121346715641728,right
112,1000,-21.7401,1000.0,-123.875,1000,175.334,False,True,-1,-1.0,-1.0,2.520296536299296,0.2853252182956906,19.1211205441552,right
113,1000,-9.5409,1000.0,-134.411,1000,-179.90099999999998,False,True,-1,-1.0,-1.0,3.2073794518991603,0.17665191683813583,18.759473626276552,right
114,1000,-9.544410000000001,1000.0,-134.41899999999998,1000,-179.903,False,True,-1,-1.0,-1.0,3.2090820115370478,0.17696880956288374,18.762896545195225,right
115,1000,-8.85624,1000.0,-117.779,1000,-179.925,False,True,-1,-1.0,-1.0,3.7346969962478327,0.11522903357758207,18.10620585398369,right
116,1000,-8.85673,1000.0,-117.818,1000,-179.933,False,True,-1,-1.0,-1.0,3.7347991131850606,0.11505211805344996,18.113251472132948,right
117,1000,-8.87168,1000.0,-134.618,1000,-179.98,False,True,-1,-1.0,-1.0,3.7397168462764516,0.17643445779906924,18.132614523009128,right
118,1000,-8.87372,1000.0,-134.612,1000,-179.979,False,True,-1,-1.0,-1.0,3.765653162168434,0.17768693655318255,18.255594310665373,right
119,1000,-8.79755,1000.0,-134.50799999999998,1000,-179.886,False,True,-1,-1.0,-1.0,3.7316569070831904,0.17694497008997231,18.12513772754477,right
120,1000,-8.77031,1000.0,-134.482,1000,-179.868,False,True,-1,-1.0,-1.0,3.730360220347265,0.17646204512979421,18.773921893855647,right
121,1000,-13.911,1000.0,-124.807,1000,179.97299999999998,False,True,-1,-1.0,-1.0,3.318144883372771,0.28328218767909225,18.165385277625617,right
122,1000,-13.9067,1000.0,-124.79899999999999,1000,179.977,False,True,-1,-1.0,-1.0,3.3160918271257827,0.28322970540490416,18.164359535272382,right
123,1000,-15.2672,1000.0,-143.59,1000,179.88,False,True,-1,-1.0,-1.0,2.8112811459330116,0.5418730000833132,18.18008565462949,right
124,1000,-15.2607,1000.0,-143.593,1000,179.88099999999997,False,True,-1,-1.0,-1.0,2.8120584862356406,0.5417247531302136,18.181715908488346,right
125,1000,-16.7371,1000.0,-153.394,1000,179.88,False,True,-1,-1.0,-1.0,2.3697604938458667,0.9575873094036831,18.18279956261962,right
126,1000,-18.3228,1000.0,-153.384,1000,179.873,False,True,-1,-1.0,-1.0,1.9882378981342086,0.9576405124604849,18.184523415797045,right
127,1000,-16.8801,1000.0,-149.266,1000,179.82299999999998,False,True,-1,-1.0,-1.0,2.3612551712470653,0.7386450953953737,18.18194153309294,right
128,1000,-16.9202,1000.0,-149.25799999999998,1000,179.801,False,True,-1,-1.0,-1.0,2.361448249998104,0.7396857572903099,18.19646190756393,right
129,1000,-29.129,1000.0,-141.359,1000,175.783,False,True,-1,-1.0,-1.0,2.3130950258242984,0.8863612395661022,18.55821001654271,right
130,1000,-29.1204,1000.0,-141.364,1000,175.78900000000002,False,True,-1,-1.0,-1.0,2.312396875828711,0.887100483653033,18.560736104762025,right
131,1000,-24.1149,1000.0,-143.011,1000,175.555,False,True,-1,-1.0,-1.0,2.1232994306058814,0.5499197697173223,18.51889289077985,right
132,1000,-24.0849,1000.0,-143.025,1000,175.578,False,True,-1,-1.0,-1.0,2.1236802921882783,0.5498596753912403,18.51355808416191,right
133,1000,-22.0351,1000.0,-134.786,1000,175.41,False,True,-1,-1.0,-1.0,2.5300590347753675,0.3896364775109289,17.89232881783978,right
134,1000,-22.0223,1000.0,-134.827,1000,175.40200000000002,False,True,-1,-1.0,-1.0,2.5344724575307955,0.3898915501068422,17.893318265165433,right
135,1000,-20.1934,1000.0,-124.175,1000,175.428,False,True,-1,-1.0,-1.0,2.97916468591688,0.28591992736970484,17.92767626736838,right
136,1000,-20.1955,1000.0,-124.182,1000,175.424,False,True,-1,-1.0,-1.0,2.9799234388495677,0.2859343693017971,17.92734912541229,right
137,1000,-18.4545,-90.3578,-135.063,1000,171.982,False,True,-1,0.43003474193580965,0.7836006142220673,3.480122248376047,0.1791247840625544,17.958044058815823,right
138,1000,-14.387,-90.3508,-135.041,1000,175.718,False,True,-1,0.43197847460923283,0.7864443226560826,3.336548898727366,0.17909337519036422,17.950923674899183,right
139,1000,-14.3468,1000.0,-134.95,1000,175.771,False,True,-1,-1.0,-1.0,3.334054981576843,0.17914539016943248,18.528146640267327,right
140,1000,-14.3412,1000.0,-134.955,1000,175.773,False,True,-1,-1.0,-1.0,3.333766032942209,0.17908654025850848,18.5281400549542,right
141,1000,-13.2186,1000.0,-124.413,1000,179.645,False,True,-1,-1.0,-1.0,3.8414776423585666,0.27729161657894946,18.163208744557707,right
142,1000,-13.1922,1000.0,-124.39,1000,179.669,False,True,-1,-1.0,-1.0,3.8417794942117607,0.2773324873224649,18.16038419500171,right
143,1000,-19.9554,1000.0,-152.703,1000,172.50799999999998,False,True,-1,-1.0,-1.0,3.005507681077597,0.43035118293681524,20.317002975781694,right
144,1000,-19.9476,1000.0,-146.22299999999998,1000,172.02900000000002,False,True,-1,-1.0,-1.0,3.005391989806681,0.2916689411722795,19.70100342320302,right
145,1000,-19.954,1000.0,-143.595,1000,176.067,False,True,-1,-1.0,-1.0,2.9823897611459884,0.5414783362879532,18.66681334744093,right
146,1000,-18.4452,1000.0,-135.894,1000,176.074,False,True,-1,-1.0,-1.0,3.464330055601054,0.3935834956938472,18.673016204681083,right
147,1000,-23.9214,1000.0,-161.1,1000,172.488,False,True,-1,-1.0,-1.0,2.1387144306462544,0.8629758751856104,19.692595233009893,right
148,1000,-23.9358,1000.0,-161.128,1000,172.47299999999998,False,True,-1,-1.0,-1.0,2.1389777682846534,0.8637266793298133,19.69367490534418,right
149,1000,-23.9469,1000.0,-161.159,1000,172.47400000000002,False,True,-1,-1.0,-1.0,2.138034282677618,0.8654531400573142,19.69378045152548,right
150,1000,-23.8202,1000.0,-161.089,1000,172.577,False,True,-1,-1.0,-1.0,2.141721362756642,0.8664018967301913,19.694554326899834,right
151,1000,-21.9573,1000.0,-157.963,1000,172.49200000000002,False,True,-1,-1.0,-1.0,2.51783901294989,0.6449105489010023,19.704395048978597,right
152,1000,-21.9577,1000.0,-157.96200000000002,1000,172.49200000000002,False,True,-1,-1.0,-1.0,2.517664949699207,0.6441533544456743,19.700958004247916,right
153,1000,-24.2272,-128.773,-157.933,1000,171.77700000000002,False,True,-1,0.21324139509802767,0.8953667041419481,2.13901132652335,0.6389435250846995,19.119414228229573,right
154,1000,-24.224,-128.84799999999998,-157.93200000000002,1000,171.78,False,True,-1,0.21184960395989375,0.8938225984504289,2.1395821382604687,0.6396118069298117,19.122364056753042,right
155,1000,-29.0458,1000.0,-149.111,1000,171.817,False,True,-1,-1.0,-1.0,2.331067990304177,0.744473482738533,19.108757606973274,right
156,1000,-29.1407,-125.447,-149.138,1000,171.74400000000003,False,True,-1,0.3380745968767445,1.5797737677399646,2.3305300422198467,0.7443452667989269,19.12049530749275,right
157,1000,-31.7461,-116.429,-143.131,1000,170.456,False,True,-1,0.21687855934682065,0.9705848456715575,1.9867668324198027,0.5409903600361167,18.018202907250327,right
158,1000,-31.7879,-123.314,-148.813,1000,171.137,False,True,-1,0.21688685781432526,1.1163319005313193,1.9892012467921025,0.7286986766504934,18.546540965844198,right
159,1000,-29.1421,-116.35600000000001,-143.091,1000,171.046,False,True,-1,0.21701888952198817,0.9697271753729011,2.339117246800007,0.5407755565617317,18.036659441708544,right
160,1000,-29.1194,-108.476,-135.335,1000,170.313,False,True,-1,0.21486683656081634,0.8566969220674255,2.3346216803243025,0.39151108126943196,17.52332611028876,right
161,1000,-29.1562,-108.49700000000001,-135.336,1000,170.27900000000002,False,True,-1,0.215828246759851,0.8591951540214449,2.334440588821746,0.39101307503713817,17.52661739811595,right
162,1000,-26.7175,-108.376,-135.233,1000,171.05700000000002,False,True,-1,0.21660586334961468,0.8617201490638965,2.736463993182745,0.392282850020348,17.543441984635717,right
163,1000,-26.7114,-108.37299999999999,-135.239,1000,171.06099999999998,False,True,-1,0.216742318444635,0.8621704632463132,2.7366329540569465,0.3927341732868308,17.54211058031071,right
164,1000,-26.701999999999998,-104.439,-124.62799999999999,1000,170.37400000000002,False,True,-1,0.04432033871144244,0.3645999969476302,2.743584676588574,0.2881047217636612,17.108376502338864,right
165,1000,-26.6648,-104.34200000000001,-124.605,1000,170.41299999999998,False,True,-1,0.0447135026377508,0.36514958360677213,2.743346478844589,0.287988441717665,17.10024959429004,right
166,1000,-34.8817,-117.14399999999999,-134.833,1000,163.00799999999998,False,True,-1,0.1055994408945701,0.11183730744184962,3.26097596711503,0.3934347693372143,18.204373926558304,right
167,1000,-34.8917,-116.824,-134.886,1000,162.985,False,True,-1,0.1057488814900885,0.11259075890801995,3.261419476188897,0.3932250373260531,18.202282314698742,right
168,1000,-31.0225,-104.361,-134.687,1000,166.984,False,True,-1,0.10520086685353193,0.3708882425358507,2.9982035172684167,0.39553071123704137,18.207592217649427,right
169,1000,-31.0433,-104.348,-134.71,1000,166.96400000000003,False,True,-1,0.10538235795375217,0.37048781951980325,2.9972576533402475,0.39563475856525976,18.205358856762015,right
170,1000,-32.4972,-108.98899999999999,-124.522,1000,163.005,False,True,-1,0.023785072546346493,0.2177245706233075,3.7113182983659327,0.29158611190248535,17.84201767363301,right
171,1000,-32.533,-108.865,-124.55799999999999,1000,162.966,False,True,-1,0.02405681974268649,0.21853000727479918,3.711346600939105,0.2914779034334014,17.847340997308823,right
172,1000,-28.8661,-116.94200000000001,-124.588,1000,166.87099999999998,False,True,-1,0.04671459819668631,0.11039221192120348,3.444291211069139,0.2925361743797136,17.84506057507663,right
173,1000,-28.8862,-108.947,-124.61,1000,166.84900000000002,False,True,-1,0.02445767583351389,0.21604185870239676,3.4446352414817483,0.2925010860828803,17.848559452227644,right
174,1000,-30.4095,-117.054,-124.65799999999999,1000,164.058,False,True,-1,0.047761279331899074,0.10971439952863907,4.228534547597107,0.2942239215083485,19.497483248795987,right
175,1000,-32.5247,-117.11200000000001,-124.616,1000,162.968,False,True,-1,0.04785152307022157,0.10942517869495302,3.7469214997566125,0.2942087592549926,19.501808349345406,right
176,1000,-30.3721,-116.646,-124.691,1000,164.09599999999998,False,True,-1,0.046667863166542284,0.11066340618330348,4.192762876789357,0.2919728256307069,17.833018891299975,right
177,1000,-30.3663,-108.65899999999999,-124.691,1000,164.105,False,True,-1,0.025238868919972457,0.2163641923019205,4.192131891501394,0.2921544932601718,17.830908104835533,right
178,1000,-26.8725,-116.501,-124.632,1000,167.75099999999998,False,True,-1,0.047077415334530345,0.11043253850164574,3.9225233705950355,0.2924526979766771,17.82320431625399,right
179,1000,-26.8707,-108.539,-124.662,1000,167.75,False,True,-1,0.025542981188894538,0.21598707181589513,3.921557837282415,0.29234718647309366,17.825436852064758,right
180,1000,-26.7583,-92.4449,-124.60799999999999,1000,167.86,False,True,-1,0.10847471482164275,0.08875718954663922,3.922711896738098,0.2925318496852548,17.806352491892934,right
181,1000,-26.7749,-92.4639,-124.62899999999999,1000,167.84099999999998,False,True,-1,0.10826645760051834,0.0891500291217431,3.9223430694064083,0.2924886552366961,17.809077402798252,right
182,1000,-26.7913,-92.1638,-124.631,1000,167.856,False,True,-1,0.11016168619601252,0.08851347384966879,3.9223413468508355,0.2937517912144649,17.818425656651478,right
183,1000,-32.4525,-108.473,-127.359,1000,167.82,False,True,-1,0.11193422200518305,0.21612044123295004,3.7227987237105715,0.5456473341116219,17.82020012920587,right
184,1000,-32.5096,-116.99799999999999,-127.34100000000001,1000,167.78,False,True,-1,0.17363307308885617,0.10991409389146094,3.718829683129028,0.5454718096739759,17.81445818880018,right
185,1000,-32.5213,-117.041,-127.34700000000001,1000,167.766,False,True,-1,0.17330738498081316,0.11015573589137646,3.719963078910616,0.5455071220216806,17.811763479198504,right
186,1000,-28.8589,-108.656,-135.13299999999998,1000,167.74900000000002,False,True,-1,0.0895886263638435,0.21568336173351194,3.446638787863369,0.3992530862941552,17.801262974643308,right
187,1000,-28.8053,-108.36,-135.085,1000,167.80599999999998,False,True,-1,0.09047284633479383,0.21684780214889895,3.444484175726356,0.3992613338419518,17.78598286731515,right
188,1000,-32.5208,-116.51100000000001,-127.28299999999999,1000,167.77900000000002,False,True,-1,0.17484981650512565,0.1095254158835599,3.719864760591973,0.5456418887128368,17.792127675807937,right
189,1000,-32.5102,-116.696,-127.287,1000,167.792,False,True,-1,0.1756388874053636,0.108704193974165,3.718684077343478,0.5457803396175536,17.7901525100011,right
190,1000,-32.5523,-117.148,-117.696,1000,166.886,False,True,-1,0.11021399993386849,0.10944329902151419,3.714490803974983,0.43927306763929763,17.802680261675306,right
191,1000,-28.8283,-116.98700000000001,-124.546,1000,166.94099999999997,False,True,-1,0.04708006328550592,0.11038589404765091,3.4426628266338426,0.2936547862206495,17.80050268734467,right
192,1000,-32.5203,-92.5606,-117.65,1000,166.94,False,True,-1,0.17256687344061672,0.08718312338020667,3.7145125831991623,0.44021928974548774,17.804522731145557,right
193,1000,-32.5028,-116.78399999999999,-127.057,1000,167.80200000000002,False,True,-1,0.17196466264846155,0.11013669540449172,3.713927918923718,0.5431479489331476,18.184309763230832,right
194,1000,-32.4389,-108.04700000000001,-127.042,1000,167.887,False,True,-1,0.11116159046858226,0.21769227912560798,3.712155264510018,0.5445201581108075,18.186468817882595,right
195,1000,-32.4284,-108.007,-127.045,1000,167.894,False,True,-1,0.11162842469673528,0.21719179319168677,3.7137985078992757,0.5446313371674542,18.18519163802953,right
196,1000,-30.9197,-108.46799999999999,-127.249,1000,171.02900000000002,False,True,-1,0.11263273459692526,0.20940174254928096,2.997451302970133,0.539875857351029,17.086888806943747,right
197,1000,-30.9283,-108.477,-127.24600000000001,1000,171.02200000000002,False,True,-1,0.11281507204654709,0.20908040069376357,2.997682499275216,0.540127064376505,17.087325575126275,right
198,1000,-28.7786,-116.32700000000001,-124.421,1000,167.106,False,True,-1,0.049010760071515495,0.10927039034823423,3.415538372332533,0.295568320477711,18.14717564271782,right
199,1000,-31.0128,-91.4265,-117.762,1000,170.332,False,True,-1,0.17799575038401558,0.08305435490269779,2.9725360009358894,0.4359226727566776,17.070072207867515,right
200,1000,-34.9632,-116.469,-127.274,1000,167.012,False,True,-1,0.024241286072212428,0.43177797448714,3.255611334528849,0.5485175423200702,18.2039706716522,right
201,1000,-34.9589,-116.488,-127.272,1000,167.015,False,True,-1,0.024210284141634654,0.4311099201575006,3.254124062378381,0.5483196574326777,18.20075196172446,right
202,1000,-35.0798,-116.846,-127.363,1000,166.893,False,True,-1,0.023104203702430503,0.4338801783311815,3.257293325805387,0.5485897034849813,18.196914557694416,right
203,1000,-35.0836,-116.876,-127.346,1000,166.891,False,True,-1,0.022874880147306174,0.4344871474677701,3.2566313776256366,0.5482864587439668,18.19472833559262,right
204,1000,-37.8364,-116.82799999999999,-127.39,1000,165.87900000000002,False,True,-1,0.023260400240101637,0.4319326133623631,2.8538885401511918,0.5471408419895974,18.18477999511653,right
205,1000,-37.8727,-116.84700000000001,-127.4,1000,165.835,False,True,-1,0.02310667202511197,0.4321280354267715,2.8525615123019623,0.5462974343060794,18.178009970774408,right
206,1000,-37.905,-126.86200000000001,-135.281,1000,166.81,False,True,-1,0.024031282670905867,0.5325917049284569,2.8569517837837664,0.6960803306836217,18.636648834340225,right
207,1000,-37.9225,-126.89399999999999,-135.289,1000,166.78599999999997,False,True,-1,0.023906394831227168,0.5315254343346958,2.8550028845420123,0.6944642459237413,18.640568590542575,right
208,1000,-40.8804,-135.233,-141.394,1000,166.967,False,True,-1,0.10763335775038135,0.38911443454197525,2.496582552496627,0.8860861311195317,18.657147033837962,right
209,1000,-40.8722,-135.201,-141.379,1000,166.982,False,True,-1,0.10799121222911948,0.3886759690711148,2.4965776833858997,0.8863855148031354,18.653177698646875,right
210,1000,-37.9954,-135.303,-149.124,1000,164.08599999999998,False,True,-1,0.08965766157539198,0.39419856722157076,2.838034242743303,0.7549272878933451,19.833766800941966,right
211,1000,-37.9972,-135.3,-149.122,1000,164.085,False,True,-1,0.0896567706955801,0.3942411043069601,2.838124407462429,0.7549234482127157,19.833501312229153,right
212,1000,-37.7845,-178.167,-146.386,1000,168.696,False,True,-1,0.8826869979498292,0.022308797419736133,2.834463046055065,1.13030774181077,19.130313961000976,right
213,1000,-37.7484,-178.378,-146.372,1000,168.73,False,True,-1,0.8847419462327607,0.02200363993396818,2.833480028692138,1.1301553013056518,19.120769768453403,right
214,1000,-33.7433,-133.679,-146.306,1000,172.261,False,True,-1,0.7530378132958923,0.04295460508447551,2.6014523349543697,1.1424936303121258,19.257713871366107,right
215,1000,-33.7041,-133.627,-146.299,1000,172.285,False,True,-1,0.7532467345129582,0.04274835124290889,2.603072424889959,1.1416301454800724,19.249775689608352,right
216,1000,-29.0855,-91.5864,-146.379,1000,175.908,False,True,-1,0.9754491905852624,0.021239216771462496,2.377287256394096,1.1331619418779195,17.65594119124122,right
217,1000,-29.1329,-91.8885,-146.4,1000,175.87,False,True,-1,0.9752245067896439,0.02122784780937756,2.3766056699974447,1.1337088496028676,17.661655347168846,right
218,1000,-31.0316,-90.9124,-135.678,1000,175.782,False,True,-1,0.7450156190349254,0.0853822230990561,3.016893741368667,1.0932867384247185,17.683677670365586,right
219,1000,-31.0367,-90.5522,-135.7,1000,175.773,False,True,-1,0.6409959416353825,0.188936777648249,3.017584998911114,1.092883452684436,17.68340605936383,right
220,1000,-24.7051,-90.275,-141.424,1000,176.074,False,True,-1,0.6287694055912669,0.0868802419757762,3.2316739860666437,0.891105222566985,17.637674513883365,right
221,1000,-24.6936,-90.2647,-141.41,1000,176.083,False,True,-1,0.6279589146035558,0.08696488167067529,3.2319515973241644,0.8904273280913361,17.63385753339021,right
222,1000,-22.8259,-90.3135,-135.248,1000,176.118,False,True,-1,0.3679593323834707,0.19116813555872203,3.6991247710156756,0.6919464787298969,17.08692415275797,right
223,1000,-22.8538,-90.363,-135.284,1000,176.101,False,True,-1,0.3710639250219673,0.19264296273901643,3.722933184900895,0.6972836349381587,17.20496612870579,right
224,1000,-22.9447,-90.2929,-135.224,1000,176.03400000000002,False,True,-1,0.3678498309835487,0.19110895647285975,3.6939176257830724,0.6911451252298639,17.085714200688276,right
225,1000,-22.9223,-90.3024,-135.205,1000,176.054,False,True,-1,0.36724192305246245,0.1914333227344997,3.695454555166951,0.6908427497615217,17.082913500794923,right
226,1000,-22.8083,-90.2068,-127.374,1000,175.82299999999998,False,True,-1,0.19787313594176656,0.33848956534345986,3.7150080933764897,0.5416783862081954,16.685763910967758,right
227,1000,-22.8375,-90.2486,-127.396,1000,175.805,False,True,-1,0.19743168366192218,0.3383261536974507,3.713055826162594,0.5416949197378068,16.68882603033456,right
228,1000,-21.2508,-90.225,-117.685,1000,175.86599999999999,False,True,-1,0.11387013859039018,0.1940667975674836,4.228673901819312,0.4361585078324285,16.66304181874136,right
229,1000,-21.2689,-90.2568,-117.70100000000001,1000,175.84799999999998,False,True,-1,0.09279974767194189,0.33927415239902625,4.227203716751591,0.43596036261983745,16.66742126830459,right
230,1000,-21.2006,-103.36,-127.07,1000,176.168,False,True,-1,0.09218515202311643,0.3613005232352553,4.230471374681738,0.5392518651543677,17.045484589106454,right
231,1000,-21.1909,-103.361,-127.069,1000,176.17700000000002,False,True,-1,0.09249459706959974,0.3609345746845732,4.229409353378108,0.5392078652828677,17.04090912952789,right
232,1000,-22.8392,-101.066,-127.024,1000,175.799,False,True,-1,0.10963195784794565,0.550533947203131,3.7120928484423077,0.5368164239414299,17.05073758464868,right
233,1000,-22.8522,-101.08200000000001,-127.029,1000,175.793,False,True,-1,0.1097840874126843,0.5501448045954206,3.7135445823511812,0.5372048995450822,17.053515281200042,right
234,1000,-22.8081,-103.708,-117.5,1000,175.636,False,True,-1,0.026205532370496984,0.36460906429848366,3.684000989285695,0.4362367368322015,17.03529411794626,right
235,1000,-22.8054,-103.68,-117.49,1000,175.641,False,True,-1,0.02636783105812508,0.364158924684149,3.6841797855675176,0.4364017989746305,17.034728055764663,right
236,1000,-26.6483,-101.27,-117.648,1000,171.697,False,True,-1,0.04738152452033719,0.5585632903125027,3.938557568430781,0.43818317705305043,17.161229853674513,right
237,1000,-26.6315,-101.288,-117.648,1000,171.71400000000003,False,True,-1,0.04703731257868809,0.5548264876069869,3.910899464601382,0.4353129627510058,17.04081777625171,right
238,1000,-22.9045,-90.6028,-117.741,1000,175.543,False,True,-1,0.0903183151025032,0.3387725974324467,3.655341507951938,0.43376867007963305,15.876442563412187,right
239,1000,-22.9019,-90.5899,-117.73700000000001,1000,175.549,False,True,-1,0.09031863666212107,0.3388904606758615,3.655807026317124,0.43394555740768714,15.87856360307116,right
